# (c) Der Bundeswahlleiter, Wiesbaden 2016
# 
# Wahl der Abgeordneten zum 4. Europäischen Parlament aus der Bundesrepublik Deutschland (12. Juni 1994)
# Endgültige Ergebnisse nach kreisfreien Städten und Landkreisen
# 
Kreis-Nr.;Text;Wahlberechtigte;Wähler;Ungültige;Gültige;SPD;CDU;GRÜNE;CSU;REP;F.D.P.;ÖDP;BP;CM;LIGA;Solidarität;BSA;APD;BfB;Familie;DSU;GRAUE;NATURGESETZ;Autonome;NPD;FORUM;PBC;PASS;PDS;PEAD;STATT Partei
01 0 01;Flensburg, Stadt;69149;31592;259;31333;13008;10616;3999;0;560;1032;108;23;44;20;15;10;224;457;0;15;374;108;75;74;37;74;61;243;13;143
01 0 02;Kiel, Landeshauptstadt;191055;93879;774;93105;34973;29314;16315;0;1821;3311;679;68;102;86;44;28;517;1581;0;57;712;244;148;129;175;132;176;1426;11;1056
01 0 03;Lübeck, Hansestadt;171742;80540;810;79730;30966;29316;9870;0;2258;2388;281;64;125;68;34;13;412;844;0;57;638;229;76;222;113;133;112;647;18;846
01 0 04;Neumünster, Stadt;64402;27949;349;27600;11292;10497;2512;0;626;866;59;27;54;31;8;8;149;297;0;13;193;76;26;55;38;132;26;197;6;412
01 0 51;Dithmarschen;104652;52843;712;52131;18886;23748;4234;0;1017;1768;131;33;59;28;26;10;331;506;0;43;374;139;74;110;49;56;74;179;12;244
01 0 53;Herzogtum Lauenburg;131109;70504;875;69629;22990;28796;7934;0;2032;3000;242;70;120;34;24;20;481;1049;0;43;553;197;69;338;83;125;108;396;11;914
01 0 54;Nordfriesland;122895;61105;607;60498;21732;26353;6309;0;729;2461;168;43;90;35;32;18;362;610;0;35;448;188;68;140;64;107;93;233;9;171
01 0 55;Ostholstein;154296;82552;1217;81335;29528;35506;7245;0;1838;2758;289;63;130;43;31;23;516;962;0;71;496;254;108;171;81;201;88;380;18;535
01 0 56;Pinneberg;216310;116797;1382;115415;39008;45194;16091;0;2562;5200;316;153;182;64;50;26;751;1681;0;67;955;317;122;210;132;248;175;850;16;1045
01 0 57;Plön;95811;53125;707;52418;18801;21877;5827;0;974;1899;212;46;72;27;26;20;331;796;0;29;375;141;62;99;39;71;46;359;9;280
01 0 58;Rendsburg-Eckernförde;199975;103147;1265;101882;35635;43557;11309;0;1693;4005;391;92;140;63;33;37;572;1346;0;69;700;307;122;169;93;251;125;575;22;576
01 0 59;Schleswig-Flensburg;142665;74715;799;73916;27186;32283;7253;0;1002;2413;226;52;90;42;36;32;418;903;0;58;556;255;88;124;51;143;95;323;8;279
01 0 60;Segeberg;180242;91471;997;90474;29115;38379;10968;0;1939;3984;317;82;161;49;46;32;638;1223;0;59;755;278;95;202;117;202;127;605;17;1084
01 0 61;Steinburg;103372;53138;789;52349;19284;22370;5424;0;1014;1683;141;41;92;34;36;18;297;475;0;40;318;145;65;144;31;146;79;211;16;245
01 0 62;Stormarn;162833;90356;1013;89343;28102;36570;12550;0;1952;4111;536;89;120;43;27;34;541;1477;0;59;774;258;83;121;116;123;80;589;11;977
901;Schleswig-Holstein;2110508;1083713;12555;1071158;380506;434376;127840;0;22017;40879;4096;946;1581;667;468;329;6540;14207;0;715;8221;3136;1281;2308;1219;2144;1465;7213;197;8807

02 0 00;Hamburg, Freie und Hansestadt;1245025;644190;7078;637112;220503;204760;117417;0;19671;23419;1817;565;773;240;192;141;2682;9704;0;296;7867;1874;800;957;873;978;891;8919;103;11670
902;Hamburg;1245025;644190;7078;637112;220503;204760;117417;0;19671;23419;1817;565;773;240;192;141;2682;9704;0;296;7867;1874;800;957;873;978;891;8919;103;11670

03 1 01;Braunschweig, Stadt;203078;108591;1000;107591;41153;40437;13416;0;2451;4535;288;86;136;39;37;21;353;1184;0;49;693;227;138;153;123;256;133;1257;13;413
03 1 02;Salzgitter, Stadt;86974;43397;579;42818;19793;16271;2469;0;1340;1089;70;48;75;14;12;7;163;390;0;27;249;64;43;92;25;82;76;257;12;150
03 1 03;Wolfsburg, Stadt;97027;51144;592;50552;20083;21551;3754;0;1362;1398;106;56;71;16;15;12;236;516;0;46;351;94;38;159;29;163;65;274;5;152
03 1 51;Gifhorn;115788;62939;557;62382;22812;27266;5197;0;1900;2239;131;57;99;34;13;19;265;476;0;38;262;133;87;166;31;586;77;292;11;191
03 1 52;Göttingen;203198;112279;1005;111274;41039;39550;18078;0;2079;4795;392;119;159;34;40;32;451;1030;0;41;477;201;314;205;160;221;100;1467;19;271
03 1 53;Goslar;128363;70303;790;69513;28748;28674;4905;0;1905;2544;139;72;67;31;23;15;287;607;0;43;285;114;49;119;49;134;63;446;7;187
03 1 54;Helmstedt;80060;43547;545;43002;18006;18170;2812;0;949;1162;90;33;68;13;8;8;213;408;0;24;189;71;21;257;25;101;46;216;10;102
03 1 55;Northeim;120645;68978;670;68308;32396;24433;4599;0;1799;2614;140;63;86;27;25;17;260;500;0;41;262;89;62;103;38;145;83;326;14;186
03 1 56;Osterode am Harz;70760;37660;437;37223;17125;14326;2150;0;1004;1187;92;42;48;10;18;8;185;278;0;12;173;44;21;90;19;51;58;193;4;85
03 1 57;Peine;97011;54105;571;53534;25636;19034;3963;0;1555;1398;107;42;51;20;18;7;248;379;0;21;274;76;54;84;29;99;55;226;10;148
03 1 58;Wolfenbüttel;94573;54408;539;53869;22793;21430;4196;0;1272;1978;94;48;47;23;22;10;215;529;0;41;210;106;68;108;44;88;76;279;4;188
03 2 01;Hannover, Landeshauptstadt;389135;208357;1873;206484;78307;70378;30008;0;6188;8536;693;167;287;68;108;37;730;2158;0;336;2097;505;358;397;283;478;349;3276;51;689
03 2 51;Diepholz;155541;66740;1172;65568;26038;23260;7531;0;1598;3944;317;65;103;33;26;17;300;643;0;26;329;142;52;105;35;162;85;441;21;295
03 2 52;Hameln-Pyrmont;126426;68196;714;67482;28872;25145;5838;0;2174;2651;145;70;125;30;27;16;278;620;0;30;297;125;54;135;40;118;78;367;12;235
03 2 53;Hannover;449404;251054;2380;248674;100136;96978;22257;0;7708;10264;640;269;482;113;97;56;1119;2414;0;108;1811;484;245;294;150;432;212;1467;49;889
03 2 54;Hildesheim;224875;131683;1502;130181;55773;51137;10547;0;3515;3746;445;127;245;64;51;33;506;932;0;80;777;236;148;243;100;266;161;685;17;347
03 2 55;Holzminden;65398;37455;504;36951;18022;12872;2309;0;923;1441;72;33;53;23;11;10;160;298;0;19;141;67;24;88;13;49;51;157;7;108
03 2 56;Nienburg (Weser);93674;40939;620;40319;16905;15127;3695;0;1231;1612;88;36;74;17;21;6;214;377;0;25;206;66;44;86;25;53;54;185;9;163
03 2 57;Schaumburg;123777;67304;679;66625;29774;24032;5335;0;2021;2309;169;53;144;31;31;18;281;659;0;41;354;133;86;140;47;285;105;345;14;218
03 3 51;Celle;135026;70724;630;70094;22953;31858;5316;0;2558;3274;224;76;139;55;32;19;287;1371;0;43;448;153;52;172;45;313;86;338;8;274
03 3 52;Cuxhaven;153955;77495;762;76733;30808;32030;6536;0;1864;2403;148;49;62;29;17;11;266;740;0;24;366;154;49;184;36;93;84;390;12;378
03 3 53;Harburg;163680;91461;774;90687;28864;36834;11626;0;2796;4440;313;126;164;41;34;14;513;2098;0;53;593;238;81;131;62;212;98;629;12;715
03 3 54;Lüchow-Dannenberg;40617;20901;167;20734;6086;8723;3464;0;751;640;40;18;33;14;9;8;73;251;0;17;98;43;35;80;12;68;38;161;1;71
03 3 55;Lüneburg;118316;60363;583;59780;21317;22437;7822;0;1586;2622;190;66;88;32;19;11;246;1013;0;34;356;184;65;131;57;91;78;688;17;630
03 3 56;Osterholz;81121;43069;394;42675;17854;14180;5837;0;872;1863;102;35;67;10;11;6;170;323;0;18;271;141;50;90;32;140;54;368;4;177
03 3 57;Rotenburg (Wümme);114669;58926;494;58432;20825;26392;5919;0;1107;1933;107;35;104;39;39;16;272;459;0;36;189;113;72;100;30;113;55;293;9;175
03 3 58;Soltau-Fallingbostel;101536;51918;563;51355;18342;21978;4693;0;1674;1956;355;41;76;24;26;14;259;641;0;30;248;88;41;122;27;214;86;245;9;166
03 3 59;Stade;137937;70807;610;70197;27411;27951;7255;0;1505;2887;186;58;89;33;12;10;289;610;0;41;363;149;55;182;49;92;77;493;15;385
03 3 60;Uelzen;76642;41439;446;40993;15264;17486;3696;0;1132;1465;97;47;73;25;19;12;181;457;0;25;191;81;49;178;28;81;53;173;8;172
03 3 61;Verden;95286;47320;484;46836;18544;16401;6398;0;1059;2168;110;29;55;22;13;10;219;512;0;18;224;122;58;70;24;167;73;313;4;223
03 4 01;Delmenhorst, Stadt;58978;27117;331;26786;12314;8902;2371;0;796;1052;70;22;25;7;6;5;139;214;0;11;243;66;24;49;15;28;36;271;2;118
03 4 02;Emden, Stadt;39855;18869;296;18573;10848;4258;1688;0;385;607;29;9;31;13;4;7;75;122;0;2;101;21;38;30;9;41;22;156;3;74
03 4 03;Oldenburg (Oldenburg), Stadt;116954;59509;498;59011;23443;17649;10522;0;930;3182;154;36;72;22;16;13;168;568;0;28;421;157;118;91;66;80;76;973;8;218
03 4 04;Osnabrück, Stadt;123510;68220;539;67681;24584;27270;9040;0;1164;2728;161;42;104;18;16;11;233;571;0;30;337;147;56;89;81;84;104;630;16;165
03 4 05;Wilhelmshaven, Stadt;71643;34959;460;34499;16500;11373;2862;0;1007;1210;50;25;37;12;12;13;133;338;0;24;244;68;31;38;11;26;77;264;3;141
03 4 51;Ammerland;78550;36584;398;36186;15043;13130;3554;0;632;2465;77;22;40;11;10;5;134;299;0;11;155;94;31;57;20;44;29;198;2;123
03 4 52;Aurich;137867;69563;1182;68381;39388;18156;5350;0;1073;2082;101;36;94;27;23;15;171;310;0;26;218;120;161;87;30;196;72;364;9;272
03 4 53;Cloppenburg;97207;45108;910;44198;10787;27530;2442;0;567;1398;78;41;126;40;13;18;117;295;0;22;140;97;30;43;14;38;41;138;11;172
03 4 54;Emsland;205685;108984;1273;107711;27402;67240;5906;0;1272;2887;226;62;250;53;33;25;299;519;0;56;278;153;113;88;43;79;123;273;12;319
03 4 55;Friesland;75986;36465;517;35948;17139;11697;3153;0;759;1825;84;26;49;14;16;12;119;287;0;13;159;68;30;58;26;42;48;194;3;127
03 4 56;Grafschaft Bentheim;89892;44609;512;44097;17223;19860;3174;0;521;1658;395;26;103;24;5;10;134;230;0;19;127;69;38;72;17;79;53;146;2;112
03 4 57;Leer;115717;56769;714;56055;28753;18444;4061;0;947;1486;192;21;136;24;15;17;180;323;0;15;231;120;50;73;29;398;55;288;13;184
03 4 58;Oldenburg;85063;41225;403;40822;16211;14813;4434;0;896;2730;84;32;51;19;12;7;188;347;0;19;187;106;27;52;19;56;44;260;5;223
03 4 59;Osnabrück;245807;140743;1567;139176;49188;66547;11971;0;2053;4869;287;94;240;73;48;37;551;778;0;69;515;363;119;160;80;190;136;466;31;311
03 4 60;Vechta;80941;43500;674;42826;9315;26560;2491;0;471;1756;130;36;141;38;17;7;131;1122;0;20;114;76;34;27;12;46;40;114;4;124
03 4 61;Wesermarsch;71214;33144;410;32734;16793;9452;2835;0;617;1840;110;16;42;8;9;4;105;171;0;18;190;72;36;55;13;27;40;175;12;94
03 4 62;Wittmund;41893;18337;247;18090;8096;7037;1305;0;311;687;36;17;20;7;2;7;75;124;0;11;71;37;23;30;5;18;22;83;6;60
903;Niedersachsen;5881254;3097207;33567;3063640;1214706;1216259;298780;0;74279;119555;8354;2629;4931;1374;1091;693;12191;29491;0;1781;16515;6277;3472;5563;2157;6825;3727;21240;530;11220

04 0 11;Bremen, Stadt;414605;222546;2500;220046;87673;60733;37604;0;6251;10284;403;157;332;95;113;114;1093;2131;0;204;2942;786;544;588;288;493;392;5048;48;1730
04 0 12;Bremerhaven, Stadt;96850;47122;689;46433;20838;13790;5162;0;1749;1874;109;34;52;26;16;29;220;472;0;92;598;158;59;134;35;49;132;471;9;325
904;Bremen;511455;269668;3189;266479;108511;74523;42766;0;8000;12158;512;191;384;121;129;143;1313;2603;0;296;3540;944;603;722;323;542;524;5519;57;2055

05 1 11;Düsseldorf, Stadt;423632;239475;1883;237592;87122;84207;33804;0;6863;12371;590;247;345;96;189;29;797;2284;0;89;3135;496;360;415;185;243;298;2284;99;1044
05 1 12;Duisburg, Stadt;381566;207980;2186;205794;110824;52596;18820;0;7715;5181;493;165;288;105;172;45;873;1649;0;73;2313;375;191;555;110;230;321;1910;73;717
05 1 13;Essen, Stadt;479682;266045;2157;263888;123611;80427;29010;0;7843;10050;816;189;414;137;191;76;1117;1940;0;91;2592;356;253;478;138;335;397;2240;75;1112
05 1 14;Krefeld, Stadt;174302;97525;956;96569;35381;37300;11323;0;2698;4675;339;87;164;41;43;12;393;760;0;27;1558;161;82;161;60;145;142;582;42;393
05 1 16;Mönchengladbach, Stadt;200339;108284;1124;107160;37102;44238;12493;0;2532;5565;522;112;162;43;72;23;408;818;0;50;1008;224;126;208;64;128;138;636;25;463
05 1 17;Mülheim a.d. Ruhr, Stadt;137507;84858;696;84162;39986;25121;9542;0;1913;3851;236;70;95;28;34;11;382;569;0;20;803;158;76;137;53;136;114;523;11;293
05 1 19;Oberhausen, Stadt;169034;94312;815;93497;50322;24661;8721;0;2542;2594;656;77;111;28;43;24;432;488;0;26;864;164;122;337;35;84;158;654;61;293
05 1 20;Remscheid, Stadt;88085;47500;467;47033;19203;16348;4545;0;1693;2581;273;53;71;21;24;5;185;384;0;19;494;94;70;133;38;96;62;402;14;225
05 1 22;Solingen, Stadt;119222;69113;711;68402;26506;23965;7109;0;2205;4118;984;65;108;36;27;3;293;523;0;29;717;135;118;142;25;117;92;742;19;324
05 1 24;Wuppertal, Stadt;278417;154328;1289;153039;61578;48600;19749;0;5468;7918;414;151;273;70;90;17;689;1330;0;58;2353;257;593;335;100;362;186;1605;37;806
05 1 54;Kleve;203470;123111;1588;121523;40767;58408;10310;0;2061;5264;859;87;232;67;53;19;356;633;0;61;798;202;89;135;41;135;121;388;35;402
05 1 58;Mettmann;374930;226170;2089;224081;83835;82994;26072;0;6750;12520;743;233;416;112;156;33;1094;2024;0;90;2267;411;322;435;151;424;254;1456;49;1240
05 1 62;Neuss;316602;192371;2191;190180;65563;81469;19356;0;4791;9973;743;196;335;113;155;21;757;1519;0;92;1828;362;150;341;109;169;198;1036;59;845
05 1 66;Viersen;209657;123667;1341;122326;42243;53149;12423;0;2518;6330;386;139;202;56;83;19;564;832;0;34;1390;253;98;201;60;127;125;548;37;509
05 1 70;Wesel;338380;200705;2061;198644;91223;65436;19909;0;5266;8186;590;166;269;77;116;23;752;1612;0;65;1707;346;208;304;92;218;233;1071;51;724
05 3 13;Aachen, Stadt;171307;110401;1045;109356;32291;46687;18075;0;2066;5095;428;67;124;57;57;11;385;726;0;44;832;225;149;187;107;104;136;1104;19;380
05 3 14;Bonn, Stadt;217793;138277;1519;136758;38675;51713;24285;0;2969;9636;828;249;228;62;74;13;490;2236;0;53;1297;337;161;179;212;294;129;1426;44;1168
05 3 15;Köln, Stadt;675515;381828;3123;378705;146103;115743;65224;0;11404;19876;1198;289;522;177;245;47;1354;2665;0;129;5037;714;478;659;333;496;404;3981;165;1462
05 3 16;Leverkusen, Stadt;119155;72122;746;71376;28266;24969;8618;0;2341;3796;218;59;115;20;66;8;360;550;0;30;712;117;76;106;43;71;68;465;14;288
05 3 54;Aachen;222044;140042;2484;137558;57536;54594;11968;0;3836;4293;323;100;166;74;86;23;613;818;0;48;927;231;93;342;57;75;185;560;39;571
05 3 58;Düren;188837;114800;1751;113049;42954;48488;9869;0;2617;4535;304;112;189;69;71;18;504;781;0;55;891;216;109;184;51;94;149;434;36;319
05 3 62;Erftkreis;320053;200341;2616;197725;85709;67998;20728;0;5475;9756;643;149;271;82;104;33;823;1220;0;70;1823;327;150;309;105;168;180;871;54;677
05 3 66;Euskirchen;134918;83990;1390;82600;26606;37524;8016;0;2375;4553;371;72;186;49;58;10;334;493;0;40;678;182;58;130;41;165;72;259;27;301
05 3 70;Heinsberg;169335;105025;2091;102934;33376;50606;8675;0;2312;3922;368;93;208;50;73;19;429;631;0;48;677;240;67;193;39;53;146;334;23;352
05 3 74;Oberbergischer Kreis;201044;121315;1276;120039;43706;49961;11913;0;3138;5809;470;102;360;109;66;25;465;772;0;45;889;192;88;291;68;469;136;523;28;414
05 3 78;Rheinisch-Bergischer Kreis;202250;128551;1186;127365;41046;51136;16642;0;3138;8892;502;106;256;60;80;12;565;1105;0;51;1311;263;110;250;87;389;120;705;32;507
05 3 82;Rhein-Sieg-Kreis;391508;244979;3386;241593;77612;100414;29966;0;5875;14544;1373;322;458;143;154;30;1131;2533;0;100;2195;591;248;379;147;471;278;1245;75;1309
05 5 12;Bottrop, Stadt;91138;54739;491;54248;28894;16261;4238;0;1363;1183;559;28;53;13;28;7;221;251;0;8;325;73;57;120;13;23;65;301;20;144
05 5 13;Gelsenkirchen, Stadt;214471;111682;1087;110595;58932;28725;9597;0;5512;2466;253;100;192;38;68;22;539;669;0;27;1038;173;84;315;55;154;221;997;36;382
05 5 15;Münster, Stadt;206723;139593;925;138668;41079;52225;28647;0;1831;7970;1135;87;199;62;54;17;299;1264;0;44;950;246;153;152;157;111;133;1392;26;435
05 5 54;Borken;240014;147627;1203;146424;44021;78869;12118;0;1980;4808;726;67;346;65;57;19;397;593;0;50;613;213;111;150;48;102;109;459;32;471
05 5 58;Coesfeld;145488;95299;891;94408;27376;47818;10423;0;1407;4077;304;84;188;57;46;13;289;468;0;41;575;170;92;126;37;41;102;362;12;300
05 5 62;Recklinghausen;496164;287194;2931;284263;138564;90185;26119;0;8943;8295;782;213;414;128;172;45;1367;1800;0;97;2256;490;289;617;122;323;395;1601;62;984
05 5 66;Steinfurt;302751;185010;1706;183304;70125;77826;19130;0;2780;7671;583;92;318;58;68;23;450;933;0;60;858;252;136;390;64;133;144;634;34;542
05 5 70;Warendorf;196561;126407;1389;125018;42777;57367;12200;0;2289;5386;522;97;240;50;75;16;465;823;0;43;916;207;112;198;57;57;112;527;28;454
05 7 11;Bielefeld, Stadt;240252;147821;1674;146147;57057;49933;22622;0;3537;5610;563;128;318;59;72;20;481;1163;0;55;1148;244;325;357;105;338;140;1376;34;462
05 7 54;Gütersloh;235404;141645;1636;140009;46753;61083;16985;0;2987;6234;851;113;293;58;57;31;499;947;0;60;911;262;161;255;65;130;146;636;40;452
05 7 58;Herford;189685;113406;1730;111676;48860;39342;11385;0;2833;4209;376;119;211;52;65;28;432;1044;0;48;660;202;141;273;63;233;121;544;35;400
05 7 62;Höxter;115223;71943;873;71070;20885;37765;5671;0;1562;2102;648;66;345;62;18;9;254;534;0;34;319;86;67;134;26;43;68;188;15;169
05 7 66;Lippe;270515;164758;2235;162523;66841;56915;18541;0;3897;7838;858;178;434;100;113;28;691;1480;0;100;1023;309;176;461;110;789;199;786;50;606
05 7 70;Minden-Lübbecke;239588;138271;1922;136349;60493;46585;13463;0;3305;6439;508;90;276;81;73;16;433;1171;0;64;702;249;276;270;78;512;144;564;28;529
05 7 74;Paderborn;195986;115468;1287;114181;29855;61180;11740;0;2413;4188;621;113;426;76;60;12;349;748;0;52;655;229;88;174;68;154;133;427;36;384
05 9 11;Bochum, Stadt;304118;180774;1590;179184;91654;48149;20577;0;4818;4956;331;148;282;59;106;35;953;1064;0;43;2005;286;265;453;100;265;307;1717;52;559
05 9 13;Dortmund, Stadt;445593;265881;2497;263384;133800;69913;30140;0;8548;8220;599;173;273;85;177;47;1029;1736;0;83;2595;477;348;959;180;206;357;2427;86;926
05 9 14;Hagen, Stadt;157385;84940;888;84052;38164;27259;7602;0;3602;3109;192;75;231;43;35;8;358;748;0;28;846;147;95;324;56;146;114;504;23;343
05 9 15;Hamm, Stadt;131902;78284;888;77396;33921;29192;6415;0;2533;2197;253;49;100;30;43;6;270;452;0;31;656;123;47;142;29;86;92;369;16;344
05 9 16;Herne, Stadt;130606;71290;723;70567;39272;17838;5989;0;2857;1439;101;41;132;18;55;12;362;381;0;21;615;128;74;247;29;105;115;486;34;216
05 9 54;Ennepe-Ruhr-Kreis;270311;166714;1698;165016;80427;46729;18181;0;4889;7065;462;147;302;89;71;22;816;1171;0;52;1370;259;178;361;96;379;256;1050;43;601
05 9 58;Hochsauerlandkreis;208801;130878;1388;129490;41271;67104;9176;0;2919;4422;435;102;371;74;40;11;524;811;0;48;708;171;149;150;48;73;126;360;27;370
05 9 62;Märkischer Kreis;325755;185227;2155;183072;71292;69948;15766;0;8008;8122;739;189;479;148;125;19;851;1513;0;86;1596;381;160;471;104;863;283;838;77;1014
05 9 66;Olpe;98629;61454;609;60845;17351;34864;3982;0;994;1775;158;49;119;37;19;4;172;307;0;27;295;80;35;72;17;59;54;151;17;207
05 9 70;Siegen-Wittgenstein;219992;131466;1456;130010;53173;46301;12066;0;4546;5946;756;173;484;131;67;20;601;1522;0;69;732;179;114;266;74;1390;165;719;23;493
05 9 74;Soest;215303;133001;1492;131509;47463;57982;12094;0;2722;5651;461;117;418;63;78;25;491;805;0;44;1076;336;140;291;62;106;150;457;40;437
05 9 78;Unna;308207;191011;2055;188956;93079;57165;18829;0;5745;5882;544;159;307;66;99;22;935;1102;0;56;1468;365;127;541;80;200;271;1055;59;800
905;Nordrhein-Westfalen;13105149;7798898;83586;7715312;3092525;2853275;860861;0;209224;333144;29990;6754;14319;3784;4523;1146;31073;57395;0;2908;68007;13966;8645;15795;4494;12819;9364;48911;2228;30162

06 4 11;Darmstadt, Stadt;100179;56910;986;55924;17776;17787;11192;0;1711;3357;345;83;91;34;20;25;330;704;0;24;496;153;103;233;82;240;115;770;11;242
06 4 12;Frankfurt am Main, Stadt;394917;219352;2988;216364;60188;78357;38644;0;11856;9878;1089;321;332;105;87;78;1203;3698;0;132;2298;708;457;736;337;440;459;3901;77;983
06 4 13;Offenbach am Main, Stadt;73717;38330;592;37738;12237;13893;4883;0;2704;1531;131;70;46;33;16;11;220;469;0;25;348;119;67;110;30;36;89;505;7;158
06 4 14;Wiesbaden, Landeshauptstadt;189928;106158;1542;104616;31927;37929;15438;0;6042;5660;507;195;212;67;100;28;623;2019;0;66;916;265;140;252;96;343;173;942;30;646
06 4 31;Bergstrasse;193374;110482;2190;108292;36771;43166;11814;0;5670;4655;436;171;257;149;38;36;780;1200;0;56;688;256;137;372;72;280;184;549;17;538
06 4 32;Darmstadt-Dieburg;198316;116142;2604;113538;41451;38315;15560;0;4189;5787;726;199;219;116;54;28;1011;1423;0;72;793;415;102;751;113;569;233;853;45;514
06 4 33;Groß-Gerau;166969;95312;1852;93460;37515;30283;11722;0;4208;3597;418;168;142;56;45;29;851;1068;0;50;854;317;134;287;86;236;212;737;39;406
06 4 34;Hochtaunuskreis;161643;97953;1311;96642;23907;41068;13087;0;3830;7113;624;163;181;91;39;24;694;2847;0;55;658;331;92;253;87;182;152;634;18;512
06 4 35;Main-Kinzig-Kreis;287653;153957;2939;151018;51677;57737;16649;0;8508;5983;711;325;367;152;76;48;1279;1974;0;87;1066;506;190;857;130;381;322;1196;41;756
06 4 36;Main-Taunus-Kreis;156465;95441;1237;94204;23434;40609;12122;0;3963;6023;580;199;198;97;52;22;713;3153;0;45;685;335;119;329;107;136;162;629;24;468
06 4 37;Odenwaldkreis;70241;40175;1186;38989;16499;12679;4073;0;1856;1532;199;80;82;45;24;16;270;460;0;26;185;107;32;151;24;205;71;212;16;145
06 4 38;Offenbach;230945;134876;2525;132351;37981;55201;17493;0;6045;6259;1180;254;212;108;52;35;1063;2020;0;80;1072;507;134;334;88;219;261;1040;31;682
06 4 39;Rheingau-Taunus-Kreis;133026;74154;1152;73002;22045;29272;9309;0;3518;4146;343;128;124;48;27;19;538;1352;0;45;432;203;89;184;54;179;97;405;14;431
06 4 40;Wetteraukreis;207164;113319;2157;111162;40405;41244;12009;0;4853;5234;508;171;212;91;42;22;857;1609;0;73;623;347;100;797;111;475;185;676;22;496
06 5 31;Gießen;183379;104510;1978;102532;37349;34242;13563;0;4929;5475;572;133;226;249;40;44;745;1488;0;40;579;278;119;367;109;393;188;930;22;452
06 5 32;Lahn-Dill-Kreis;191781;96163;1415;94748;36965;32339;8482;0;5214;4121;444;152;463;255;33;30;732;1307;0;76;554;254;83;976;64;1087;192;517;19;389
06 5 33;Limburg-Weilburg;126266;70860;1313;69547;24191;31794;5385;0;2263;2249;366;77;141;46;32;18;690;576;0;32;384;190;66;245;49;103;108;293;9;240
06 5 34;Marburg-Biedenkopf;181999;100663;1230;99433;36318;33394;14103;0;5018;3772;503;137;328;181;34;46;598;960;0;46;531;230;161;255;143;829;161;1337;29;319
06 5 35;Vogelsbergkreis;91154;48275;926;47349;18601;17463;3902;0;2743;2110;217;66;92;56;36;22;333;411;0;38;211;104;26;142;26;167;77;206;16;284
06 6 11;Kassel, Stadt;146282;78468;1071;77397;28630;25484;12882;0;2298;3468;256;56;121;50;16;23;371;810;0;39;519;185;92;192;96;232;137;1105;3;332
06 6 31;Fulda;156492;95281;1648;93633;21003;51985;7635;0;4405;2984;393;201;523;111;35;21;715;1002;0;69;557;283;44;210;77;312;185;404;25;454
06 6 32;Hersfeld-Rotenburg;103158;60043;1280;58763;27496;19128;4313;0;2629;1908;208;75;104;55;19;20;297;659;0;43;288;116;47;359;46;244;96;293;7;313
06 6 33;Kassel;187616;108687;1737;106950;53250;31261;10702;0;2680;4155;305;94;159;68;27;25;773;808;0;69;550;227;87;204;82;234;158;642;20;370
06 6 34;Schwalm-Eder-Kreis;147619;89898;1624;88274;43441;25800;7337;0;3778;3926;241;90;149;144;21;22;554;663;0;60;492;171;49;229;55;201;116;416;14;305
06 6 35;Waldeck-Frankenberg;127582;69449;969;68480;27107;25108;5482;0;2723;4087;798;88;174;48;26;16;379;706;0;47;372;110;37;283;31;221;105;297;10;225
06 6 36;Werra-Meißner-Kreis;93052;51198;905;50293;24474;15833;4084;0;1500;2184;127;51;77;27;6;19;261;431;0;37;225;154;37;114;34;92;86;267;7;166
906;Hessen;4300917;2426056;41357;2384699;832638;881371;291865;0;109133;111194;12227;3747;5232;2482;997;727;16880;33817;0;1432;16376;6871;2744;9222;2229;8036;4324;19756;573;10826

07 1 11;Koblenz, Stadt;85654;58715;1502;57213;21395;24572;5611;0;1206;1863;236;51;121;15;20;12;221;662;0;27;360;88;40;70;33;107;56;272;12;163
07 1 31;Ahrweiler;93057;69325;1982;67343;18972;35069;5380;0;1353;2906;1083;86;177;54;36;25;328;568;0;29;374;141;75;86;44;63;67;202;13;212
07 1 32;Altenkirchen(Westerwald);99768;75352;2067;73285;28981;31357;5141;0;1740;3026;221;74;204;65;30;14;339;427;0;21;365;130;51;80;31;423;107;226;19;213
07 1 33;Bad Kreuznach;117973;87507;2695;84812;36166;30257;7786;0;2764;4011;479;82;149;49;46;12;403;570;0;27;476;216;67;223;64;136;117;276;11;425
07 1 34;Birkenfeld;71003;49867;1559;48308;21531;16872;3482;0;1902;2456;221;42;50;27;21;10;306;359;0;23;249;126;40;98;21;64;88;150;7;163
07 1 35;Cochem-Zell;51272;41687;1795;39892;10758;23448;2461;0;910;1019;142;42;104;37;8;7;189;212;0;19;154;69;11;46;11;37;31;69;6;102
07 1 37;Mayen-Koblenz;155442;116004;3169;112835;43605;51445;8513;0;2096;3308;482;101;151;75;38;16;486;778;0;29;472;174;67;109;65;164;103;254;13;291
07 1 38;Neuwied;131885;95207;2368;92839;37232;38661;7407;0;2023;3402;692;89;166;51;39;19;467;673;0;37;547;144;65;129;60;266;78;287;13;292
07 1 40;Rhein-Hunsrück-Kreis;77475;60470;1948;58522;20914;25536;4864;0;1460;3255;279;68;154;59;22;8;313;452;0;25;253;131;24;93;34;148;77;167;7;179
07 1 41;Rhein-Lahn-Kreis;97395;72642;2058;70584;31941;25186;5558;0;2059;2675;298;76;109;48;29;7;421;617;0;17;429;171;44;127;41;155;60;243;12;261
07 1 43;Westerwaldkreis;142950;108947;3279;105668;39762;46854;8101;0;2853;3563;323;132;251;77;57;21;726;718;0;33;608;246;61;140;68;332;114;310;14;304
07 2 11;Trier, Stadt;77082;49436;1099;48337;17517;19952;5989;0;1039;1687;315;39;116;24;18;9;158;343;0;10;300;79;54;55;44;42;48;325;4;170
07 2 31;Bernkastel-Wittlich;87805;66812;3105;63707;20111;31185;5141;0;1808;2908;261;67;156;47;39;13;349;389;0;30;373;168;56;92;26;51;75;172;11;179
07 2 32;Bitburg-Prüm;73195;56724;2801;53923;18184;26948;3787;0;1034;1848;396;39;171;56;20;16;268;262;0;27;295;121;23;60;24;43;62;111;8;120
07 2 33;Daun;47981;37266;1500;35766;10363;19784;2519;0;688;1022;156;43;85;42;13;10;201;191;0;16;223;66;15;40;18;36;34;82;9;110
07 2 35;Trier-Saarburg;103015;82198;3691;78507;29715;35411;6231;0;1836;2349;436;86;169;45;31;24;368;417;0;25;371;160;39;102;28;63;96;263;11;231
07 3 11;Frankenthal (Pfalz), Stadt;34581;23728;597;23131;8958;8977;1800;0;1387;830;88;28;51;24;14;11;144;249;0;12;101;76;9;41;22;74;29;116;9;81
07 3 12;Kaiserslautern, Stadt;76593;48914;1324;47590;19440;16342;4681;0;2388;1995;410;63;85;53;34;19;283;442;0;32;296;122;41;122;54;106;100;290;9;183
07 3 13;Landau in der Pfalz, Stadt;29897;21754;548;21206;7965;8087;2405;0;852;813;197;12;43;17;8;2;121;123;0;6;104;59;20;66;23;87;38;90;8;60
07 3 14;Ludwigshafen am Rhein, Stadt;113298;74468;1599;72869;31081;25407;6095;0;4340;2086;315;70;136;39;56;24;390;704;0;45;534;206;70;138;76;156;118;457;24;302
07 3 15;Mainz, Stadt;130589;90262;1940;88322;28689;33160;12002;0;3735;4989;1177;91;201;60;49;24;387;1206;0;67;602;175;106;99;124;108;105;807;15;344
07 3 16;Neustadt an der Weinstraße, Stadt;41677;30510;833;29677;9435;13147;2873;0;1175;1312;584;19;72;22;11;6;138;244;0;8;148;63;19;75;25;57;38;119;6;81
07 3 17;Pirmasens, Stadt;39207;25434;907;24527;10412;8899;2043;0;1327;683;136;30;57;16;9;5;132;211;0;11;143;52;21;72;5;32;47;82;8;94
07 3 18;Speyer, Stadt;35967;25038;607;24431;9067;9154;2533;0;1210;879;460;33;38;17;14;8;139;229;0;13;137;65;33;38;25;93;24;138;4;80
07 3 19;Worms, Stadt;59414;38575;995;37580;15377;13253;3526;0;2397;1349;183;44;79;41;10;12;157;235;0;22;186;108;24;98;23;116;50;162;16;112
07 3 20;Zweibrücken, Stadt;28023;18572;482;18090;8380;5505;1153;0;809;895;508;18;31;22;16;13;139;164;0;13;86;42;23;52;7;19;34;91;0;70
07 3 31;Alzey-Worms;85055;66821;2372;64449;27710;20440;6551;0;3467;3285;287;88;109;44;30;16;430;464;0;30;299;190;48;227;41;136;89;215;19;234
07 3 32;Bad Dürkheim;99559;77022;2255;74767;28849;27888;6922;0;3817;3653;628;73;151;65;38;17;457;492;0;18;349;213;50;199;46;203;105;252;14;268
07 3 33;Donnersbergkreis;56336;43615;1633;41982;19791;12367;3684;0;2095;2107;279;60;78;36;25;13;242;279;0;25;193;107;21;175;22;83;70;117;2;111
07 3 34;Germersheim;83972;64860;1945;62915;22034;26613;5160;0;3297;2307;1198;52;144;53;26;16;323;414;0;31;226;184;42;116;39;206;87;173;14;160
07 3 35;Kaiserslautern;81110;63757;2223;61534;25508;23471;4398;0;3469;1953;321;101;125;31;22;16;460;369;0;20;276;162;38;163;32;162;116;134;16;171
07 3 36;Kusel;62114;47518;1678;45840;24271;12052;3335;0;2935;1379;186;44;62;28;16;12;287;309;0;5;190;108;23;142;21;87;79;134;4;131
07 3 37;Südliche Weinstraße;81062;65648;2388;63260;21693;27049;5858;0;2582;2753;499;85;256;53;40;15;383;404;0;31;287;177;62;293;33;242;104;167;20;174
07 3 38;Ludwigshafen;108122;84852;2304;82548;30669;33155;7092;0;4306;3432;584;111;165;57;28;17;487;709;0;17;392;202;54;136;74;189;105;268;20;279
07 3 39;Mainz-Bingen;139472;107523;3194;104329;38904;38972;11859;0;3703;5507;731;123;209;58;67;23;686;919;0;69;564;275;93;215;88;171;127;557;16;393
07 3 40;Pirmasens;81932;67165;2986;64179;22854;27493;4757;0;3436;2479;480;91;187;67;36;37;509;416;0;23;283;202;41;188;27;131;154;116;18;154
907;Rheinland-Pfalz;2980932;2214195;69428;2144767;818234;873968;186698;0;79498;85984;15271;2353;4612;1574;1016;529;11837;16220;0;893;11245;5018;1570;4205;1419;4588;2832;7894;412;6897

08 1 11;Stuttgart, Landeshauptstadt;375099;241831;6236;235595;62710;83118;41131;0;16734;15569;2811;279;376;276;264;46;1243;2479;0;60;1842;644;258;285;297;795;264;2173;76;1865
08 1 15;Böblingen;234530;159621;5443;154178;37802;62611;23942;0;9366;8866;1415;258;502;408;69;27;1211;1542;0;57;1003;490;146;331;142;1134;183;712;28;1933
08 1 16;Esslingen;338428;232038;7748;224290;58952;88938;31627;0;16585;12567;2213;356;561;447;88;58;1575;2105;0;78;1265;685;196;354;190;1497;227;1072;82;2572
08 1 17;Göppingen;176513;116126;5905;110221;32177;43555;12371;0;7982;6098;1943;176;278;222;59;20;716;1125;0;25;683;374;109;285;71;605;138;439;27;743
08 1 18;Ludwigsburg;330825;226363;8642;217721;58410;83551;31511;0;15770;12232;1771;310;499;375;77;37;1416;2384;0;68;1510;682;209;432;192;1987;257;1093;66;2882
08 1 19;Rems-Murr-Kreis;277073;180555;7206;173349;45059;66041;21705;0;13463;12038;4262;278;463;378;109;42;1187;1643;0;66;1090;471;129;369;139;2386;164;751;38;1078
08 1 21;Heilbronn, Stadt;81095;50832;2148;48684;15767;17157;5387;0;4759;2541;290;64;97;64;13;6;320;719;0;14;333;134;44;76;33;186;51;281;13;335
08 1 25;Heilbronn;207469;143230;8128;135102;39720;51806;15063;0;11054;7575;1951;170;349;317;50;28;1024;1674;0;38;749;378;86;340;96;1077;108;525;19;905
08 1 26;Hohenlohekreis;72525;48528;2353;46175;11571;19657;5397;0;3280;2885;646;81;162;107;32;9;349;466;0;18;229;207;28;160;45;279;56;181;15;315
08 1 27;Schwäbisch Hall;127794;81913;3741;78172;21546;32874;9090;0;4228;4351;1798;142;233;224;37;18;458;587;0;23;346;204;104;288;92;696;104;309;17;403
08 1 28;Main-Tauber-Kreis;100454;72033;3996;68037;15619;33988;6471;0;4534;2611;1057;128;333;122;59;16;449;728;0;31;335;224;39;178;48;368;105;205;13;376
08 1 35;Heidenheim;95958;63602;3723;59879;18820;22567;6892;0;5664;2123;997;74;110;100;18;8;300;416;0;34;266;155;38;60;39;607;43;292;13;243
08 1 36;Ostalbkreis;220312;147688;8544;139144;38294;64525;15318;0;7993;5400;1464;205;346;291;49;29;709;976;0;50;585;412;103;206;62;585;142;428;27;945
08 2 11;Baden-Baden, Stadt;39631;24614;965;23649;5433;10598;3235;0;996;1698;179;31;28;55;14;7;136;415;0;7;203;87;16;55;23;73;29;143;5;183
08 2 12;Karlsruhe, Stadt;204701;115343;3607;111736;35141;41603;17584;0;4206;6008;1364;91;128;152;31;15;379;1318;0;33;559;210;133;300;134;414;121;926;31;855
08 2 15;Karlsruhe;291787;199982;11721;188261;53183;84207;21161;0;10514;7806;1508;213;540;417;74;28;1178;1856;0;44;927;521;145;456;141;1299;198;617;44;1184
08 2 16;Rastatt;158489;105707;7211;98496;26288;47172;10097;0;5507;4059;769;117;200;213;43;26;641;997;0;30;432;304;51;222;55;237;130;308;16;582
08 2 21;Heidelberg, Stadt;95953;63884;2083;61801;16712;21381;13516;0;2508;3348;492;46;74;57;29;12;232;823;0;20;320;147;67;85;106;161;67;1009;22;567
08 2 22;Mannheim, Universitätsstadt;208190;121780;5655;116125;41762;40120;15109;0;7579;4182;449;123;119;132;41;20;547;1368;0;44;731;257;122;296;82;258;151;1157;24;1452
08 2 25;Neckar-Odenwald-Kreis;105009;74479;4432;70047;18777;33267;5931;0;3832;2429;1022;73;175;132;18;11;439;2204;0;19;292;169;42;187;25;342;64;209;14;374
08 2 26;Rhein-Neckar-Kreis;371104;261615;13788;247827;77006;101132;31041;0;12146;11814;1523;248;391;397;89;51;1425;3211;0;74;1178;583;177;1109;163;697;305;1253;42;1772
08 2 31;Pforzheim, Stadt;80321;45806;1863;43943;11536;17733;4824;0;4102;2412;287;68;80;123;31;11;339;717;0;9;337;134;55;83;38;252;47;235;11;479
08 2 35;Calw;105638;71277;3229;68048;15850;30111;7712;0;4845;3704;596;94;298;473;16;11;496;791;0;26;473;218;46;190;55;1176;101;271;17;478
08 2 36;Enzkreis;130803;88409;4450;83959;24014;31425;10453;0;6964;4646;680;116;278;265;43;17;734;967;0;20;520;288;83;167;68;1046;98;319;16;732
08 2 37;Freudenstadt;82948;54913;2431;52482;12851;24694;4946;0;3277;2563;694;78;232;128;7;12;344;453;0;20;312;178;19;109;41;984;72;177;15;276
08 3 11;Freiburg im Breisgau, Stadt;138409;88237;2860;85377;21134;25716;24749;0;3103;4008;1833;85;102;107;22;31;325;624;0;23;587;219;277;81;175;344;141;1059;21;611
08 3 15;Breisgau-Hochschwarzwald;166569;116380;6289;110091;26715;46668;18576;0;4071;6750;1959;116;294;208;41;19;615;780;0;22;705;381;104;113;102;626;101;442;26;657
08 3 16;Emmendingen;107899;73345;4389;68956;20401;27647;10590;0;2616;3508;750;66;261;152;16;15;386;403;0;27;407;217;69;118;42;356;55;286;16;552
08 3 17;Ortenaukreis;288997;190681;13752;176929;46918;83006;20597;0;7588;7427;1569;210;733;354;75;29;911;2376;0;58;862;635;133;285;134;826;213;660;40;1290
08 3 25;Rottweil;100302;66978;4292;62686;15048;30022;5094;0;3439;3023;2449;113;235;214;19;9;436;434;0;22;386;219;58;214;64;473;94;244;16;361
08 3 26;Schwarzwald-Baar-Kreis;147989;92941;5085;87856;22472;39615;10449;0;3882;5457;970;108;300;327;26;27;595;612;0;95;613;238;98;322;64;505;110;311;30;630
08 3 27;Tuttlingen;89901;63260;4044;59216;13400;29302;6005;0;3191;3380;721;98;143;204;19;7;396;499;0;26;299;181;41;301;48;299;90;181;10;375
08 3 35;Konstanz;182583;113991;5915;108076;27478;46744;16373;0;3888;6336;815;164;234;232;42;44;773;998;0;45;682;354;130;260;122;471;171;595;32;1093
08 3 36;Lörrach;150246;93335;4358;88977;28189;33480;12520;0;3656;4912;709;127;251;185;39;24;510;561;0;15;723;367;131;195;152;887;122;538;22;662
08 3 37;Waldshut;113750;75123;4094;71029;17161;33723;8493;0;2737;3620;1727;104;173;137;21;23;523;461;0;21;405;233;58;110;49;457;89;301;21;382
08 4 15;Reutlingen;187467;126538;5118;121420;30388;50578;15533;0;7952;7083;1023;207;462;656;48;26;872;2156;0;39;799;407;109;248;125;1081;154;601;28;845
08 4 16;Tübingen;134569;93836;2897;90939;23677;32377;17562;0;4785;5147;928;111;281;262;35;30;707;1317;0;26;566;325;170;129;176;815;121;884;16;492
08 4 17;Zollernalbkreis;137006;87077;4634;82443;20820;38872;7506;0;4952;4350;733;135;207;249;34;16;581;1347;0;31;476;303;60;273;62;433;144;232;24;603
08 4 21;Ulm, Universitätsstadt;77474;50187;1425;48762;14691;18093;7042;0;2836;2646;538;77;85;70;20;9;274;721;0;16;355;256;54;77;41;198;71;312;16;264
08 4 25;Alb-Donau-Kreis;125297;91639;4118;87521;20780;43143;8794;0;5168;3705;1455;108;279;265;31;14;511;733;0;37;400;253;62;186;57;737;117;228;15;443
08 4 26;Biberach;124744;88722;3935;84787;14134;47526;8166;0;5509;2669;2206;141;397;344;42;18;505;803;0;31;398;336;76;267;41;372;87;187;15;517
08 4 35;Bodenseekreis;137377;92011;4413;87598;18960;40403;11577;0;3946;4761;2580;147;282;271;42;15;551;1058;0;42;466;275;90;253;85;358;137;352;32;915
08 4 36;Ravensburg;183874;122662;4918;117744;22144;58138;13303;0;6412;4604;6356;217;383;668;37;18;766;1150;0;54;561;416;123;201;82;576;162;388;24;961
08 4 37;Sigmaringen;90408;63630;3246;60384;10966;33609;5998;0;3346;2293;988;110;206;220;33;14;379;580;0;20;345;194;26;140;31;245;88;192;11;350
908;Baden-Württemberg;7197510;4782742;225030;4557712;1210476;1912493;600441;0;270965;235204;62490;6263;12160;11000;2002;953;28463;49577;0;1558;26555;13965;4314;10396;4029;29200;5492;23078;1106;35532

09 1 61;Ingolstadt, Stadt;78491;41086;404;40682;9710;0;3016;20425;3574;1062;595;550;56;51;14;9;194;535;0;33;143;119;23;50;27;78;48;219;5;146
09 1 62;München, Landeshauptstadt;850746;502961;4190;498771;142792;0;67948;189511;29573;24372;6119;6491;344;413;228;93;3718;13694;0;162;2717;1259;444;450;618;794;599;3930;111;2391
09 1 63;Rosenheim, Stadt;40976;21617;255;21362;3762;0;1950;9339;2488;664;427;623;35;55;13;4;98;1282;0;6;151;81;46;32;22;61;46;71;11;95
09 1 71;Altötting;77819;45494;433;45061;8417;0;2489;25627;3311;1116;1114;1383;97;62;40;8;169;519;0;27;169;125;31;26;19;27;58;91;10;126
09 1 72;Berchtesgadener Land;72000;40766;354;40412;6482;0;3099;22308;3702;1047;1078;849;89;175;11;8;134;778;0;12;128;80;27;59;21;101;46;84;9;85
09 1 73;Bad Tölz-Wolfratshausen;80480;48536;382;48154;6868;0;4271;25348;3111;1679;850;1571;60;56;7;7;238;3225;0;17;191;153;30;36;32;63;52;119;7;163
09 1 74;Dachau;86169;49510;422;49088;9047;0;3944;23964;4574;1590;1642;1033;70;64;17;10;405;1739;0;26;211;123;27;30;29;81;64;139;17;242
09 1 75;Ebersberg;79388;47897;371;47526;9205;0;5100;23158;2302;2195;983;1113;58;64;25;3;348;1986;0;14;215;134;43;30;43;68;55;171;8;205
09 1 76;Eichstätt;79480;48830;405;48425;11129;0;2740;27306;3214;931;841;814;98;109;8;7;198;377;0;13;101;127;28;47;14;43;45;112;4;119
09 1 77;Erding;73663;40928;351;40577;6595;0;3051;20988;3320;1102;1532;1228;74;103;21;5;227;1639;0;12;131;93;36;18;15;35;39;156;7;150
09 1 78;Freising;96258;52889;368;52521;9511;0;6076;25339;3265;1884;1625;1190;56;75;16;6;383;1904;0;18;231;123;35;115;48;104;52;240;13;212
09 1 79;Fürstenfeldbruck;138480;84237;645;83592;18098;0;9573;37550;4913;4041;1740;1641;81;82;25;11;599;3336;0;29;440;232;63;52;83;142;113;295;28;425
09 1 80;Garmisch-Partenkirchen;63913;36526;308;36218;3930;0;2409;20778;2064;1174;1466;784;64;57;47;3;159;2696;0;27;151;110;16;30;21;40;27;76;6;83
09 1 81;Landsberg a. Lech;71025;38882;302;38580;6802;0;4039;19840;1937;1482;992;1425;82;89;9;5;190;890;0;15;158;103;20;27;31;78;40;113;10;203
09 1 82;Miesbach;65853;38549;307;38242;5705;0;2813;20668;2334;1287;512;936;52;51;10;3;164;3035;0;23;134;103;17;39;31;41;38;92;8;146
09 1 83;Mühldorf a. Inn;77377;42559;429;42130;6322;0;2227;23752;3537;970;762;1601;124;77;32;4;237;1817;0;19;146;85;30;29;15;44;65;75;5;155
09 1 84;München;202109;124740;754;123986;27542;0;14637;54065;6277;8253;2766;1886;117;159;47;9;888;4648;0;39;578;318;81;97;120;192;138;481;24;624
09 1 85;Neuburg-Schrobenhausen;62808;34161;320;33841;7163;0;1954;19316;2472;773;486;621;47;32;10;1;158;323;0;17;101;56;30;32;10;36;34;65;9;95
09 1 86;Pfaffenhofen a.d. Ilm;75164;42793;336;42457;8700;0;2810;22584;3654;1117;1106;882;45;52;9;6;230;575;0;20;125;92;37;45;16;56;47;102;8;139
09 1 87;Rosenheim;160105;92841;835;92006;13440;0;7271;46690;8323;2817;2118;3449;176;177;33;15;431;5222;0;27;449;288;62;86;64;167;112;207;19;363
09 1 88;Starnberg;88643;55283;356;54927;9662;0;7039;25388;2315;4368;1110;935;41;57;21;3;261;2647;0;19;200;175;38;52;56;57;58;183;13;229
09 1 89;Traunstein;120430;70137;620;69517;12433;0;5640;37274;4899;1799;1885;2621;138;266;11;7;269;1112;0;26;242;169;43;65;27;84;83;217;16;191
09 1 90;Weilheim-Schongau;87648;50699;513;50186;9063;0;4127;24740;3057;1392;1178;1610;84;107;11;4;264;3559;0;10;213;138;44;56;35;101;61;123;16;193
09 2 61;Landshut, Stadt;45927;24984;262;24722;5320;0;2221;12777;1668;757;571;344;38;29;9;1;105;358;0;8;170;70;16;31;8;34;31;76;5;75
09 2 62;Passau, Stadt;39289;20151;131;20020;4353;0;1679;10004;1014;957;763;246;31;14;3;3;65;526;0;2;70;44;31;16;20;24;31;66;6;52
09 2 63;Straubing, Stadt;33481;16648;144;16504;3423;0;656;9151;1263;346;844;254;11;17;7;3;67;190;0;4;69;30;11;17;9;20;21;53;0;38
09 2 71;Deggendorf;83189;40095;333;39762;7856;0;2025;22497;3574;805;784;867;58;30;20;8;189;399;0;19;135;83;12;45;15;117;48;78;8;90
09 2 72;Freyung-Grafenau;62011;26835;224;26611;6085;0;1107;14469;2147;484;755;714;48;40;4;8;100;296;0;9;102;70;8;18;6;26;49;25;1;40
09 2 73;Kelheim;74901;39131;290;38841;9486;0;2110;20183;3715;821;841;655;78;34;6;3;125;245;0;19;119;59;19;52;11;33;43;88;4;92
09 2 74;Landshut;96909;52313;445;51868;9747;0;3363;28274;4317;1482;1602;1276;70;66;15;6;272;551;0;19;180;128;33;53;19;94;42;119;11;129
09 2 75;Passau;134433;63044;582;62462;13526;0;2879;34541;4710;1343;2014;1246;170;61;9;13;215;940;0;29;161;126;27;97;16;38;73;95;9;124
09 2 76;Regen;62454;28961;228;28733;6137;0;1297;15432;3331;435;649;668;35;31;3;6;101;233;0;18;100;65;23;14;3;44;24;38;5;41
09 2 77;Rottal-Inn;86182;40651;375;40276;6929;0;1681;23622;3404;835;1261;1146;141;53;17;9;163;442;0;29;110;74;20;70;11;44;37;97;11;70
09 2 78;Straubing-Bogen;66955;38212;402;37810;6520;0;1218;22202;2969;794;2183;1013;37;21;8;7;151;274;0;10;101;45;11;56;6;38;28;56;5;57
09 2 79;Dingolfing-Landau;63194;34469;336;34133;7165;0;1482;19210;2689;637;1287;732;42;38;12;8;154;243;0;13;95;56;25;45;14;43;27;54;4;58
09 3 61;Amberg, Stadt;33564;18439;162;18277;5117;0;1272;8923;1170;472;341;233;34;28;7;8;81;173;0;11;114;56;9;16;4;50;38;64;2;54
09 3 62;Regensburg, Stadt;95920;53727;388;53339;12906;0;5206;26254;3133;1446;1478;834;55;30;20;14;180;489;0;38;273;162;56;51;37;70;42;424;6;135
09 3 63;Weiden i.d. OPf., Stadt;34457;18948;230;18718;5570;0;1052;9264;1021;484;337;232;16;26;14;5;96;159;0;18;72;49;13;18;14;66;33;76;3;80
09 3 71;Amberg-Sulzbach;78932;46050;501;45549;13252;0;2492;22748;2948;991;925;717;113;58;26;15;217;279;0;41;146;102;30;39;12;115;67;102;4;110
09 3 72;Cham;97403;47150;604;46546;9290;0;1893;27044;4248;795;1095;806;88;59;19;13;188;325;0;21;149;154;26;34;10;101;46;69;9;64
09 3 73;Neumarkt i.d. OPf.;86819;51201;458;50743;9544;0;2771;31114;3020;1062;841;803;79;66;15;4;230;385;0;24;142;116;33;111;23;80;53;102;11;114
09 3 74;Neustadt a.d. Waldnaab;74251;43231;527;42704;12340;0;1687;22702;2530;872;756;575;86;49;16;5;180;259;0;21;119;60;27;55;15;97;51;85;5;112
09 3 75;Regensburg;123530;72224;683;71541;18078;0;4210;36397;5304;1645;2106;1574;105;70;84;14;349;522;0;30;236;183;41;69;14;91;58;185;5;171
09 3 76;Schwandorf;107951;59744;705;59039;18067;0;2632;28913;4383;934;1505;865;98;58;24;22;275;439;0;39;166;120;59;46;21;88;47;134;7;97
09 3 77;Tirschenreuth;62397;36693;427;36266;9829;0;1414;20300;1890;724;563;507;66;59;6;3;170;240;0;24;110;72;14;57;17;33;34;49;4;81
09 4 61;Bamberg, Stadt;54432;27558;161;27397;5993;0;3284;13197;1362;1002;817;368;69;38;5;2;112;460;0;7;173;58;26;27;19;44;57;170;13;94
09 4 62;Bayreuth, Stadt;57153;28679;211;28468;8714;0;3263;11805;1326;1303;612;211;46;38;4;7;77;289;0;21;134;52;30;63;26;146;38;141;5;117
09 4 63;Coburg, Stadt;34098;19074;141;18933;6247;0;1897;8091;815;768;259;107;15;13;7;3;80;187;0;4;64;23;18;43;22;48;27;122;3;70
09 4 64;Hof, Stadt;40052;19470;177;19293;6352;0;1070;8906;1276;420;177;138;49;22;4;1;89;295;0;5;75;42;6;34;14;177;17;70;2;52
09 4 71;Bamberg;100633;57254;534;56720;11379;0;3901;31989;3623;1366;1246;1002;140;73;14;8;371;529;0;21;212;153;53;59;30;146;96;119;11;179
09 4 72;Bayreuth;81832;46801;478;46323;13744;0;2861;22787;3016;1179;760;480;76;60;11;5;187;392;0;23;157;85;24;67;22;99;55;108;5;120
09 4 73;Coburg;68591;41945;390;41555;15461;0;2966;18064;1984;1110;402;340;39;24;12;12;158;312;0;12;104;82;23;82;26;61;50;125;4;102
09 4 74;Forchheim;80585;48519;456;48063;10369;0;3704;25571;3824;1424;831;554;91;85;10;3;253;394;0;11;153;101;34;50;31;202;54;146;11;157
09 4 75;Hof;86922;48939;508;48431;17325;0;2329;22278;2662;905;510;421;99;46;7;6;258;409;0;20;159;73;23;56;41;465;71;175;5;88
09 4 76;Kronach;60948;36678;424;36254;13307;0;1604;17910;1661;549;223;183;37;30;6;4;109;191;0;10;55;39;21;29;12;79;37;79;7;72
09 4 77;Kulmbach;61266;34448;272;34176;11737;0;2248;15002;2465;783;468;288;50;35;6;5;154;261;0;15;119;41;31;64;22;144;37;138;2;61
09 4 78;Lichtenfels;53508;29166;272;28894;7963;0;1900;15633;1234;605;369;336;66;32;4;2;113;214;0;11;50;63;19;51;14;66;29;46;3;71
09 4 79;Wunsiedel i. Fichtelgebirge;70936;39179;415;38764;14654;0;2066;16872;2236;739;394;460;61;23;9;7;153;316;0;14;147;81;31;71;19;109;61;126;9;106
09 5 61;Ansbach, Stadt;30050;16031;141;15890;4429;0;1344;7227;820;466;791;97;35;12;4;2;72;190;0;17;98;36;18;26;10;60;19;55;4;58
09 5 62;Erlangen, Stadt;73734;44844;263;44581;12186;0;6740;17473;1817;2675;1156;232;78;38;17;8;166;504;0;17;307;90;71;71;84;186;89;346;13;217
09 5 63;Fürth, Stadt;77637;40507;482;40025;12666;0;4499;15038;3424;1396;540;243;80;36;21;6;231;464;0;38;265;97;45;85;46;143;65;291;16;290
09 5 64;Nürnberg, Stadt;356845;204510;1991;202519;61044;0;23734;80709;14640;6668;2292;1265;392;119;159;43;1146;2889;0;123;1683;555;237;626;197;598;438;1753;59;1150
09 5 65;Schwabach, Stadt;28274;15583;125;15458;4383;0;1767;6663;1013;559;193;128;35;15;5;1;78;160;0;6;97;31;13;21;9;58;16;85;6;116
09 5 71;Ansbach;128954;73342;734;72608;16811;0;5714;36554;4958;2144;2651;686;304;93;23;13;416;517;0;51;270;133;66;215;42;363;95;226;10;253
09 5 72;Erlangen-Höchstadt;89814;55083;451;54632;14367;0;5863;24577;3242;2619;1142;432;99;49;14;9;321;500;0;25;234;113;46;157;47;167;82;226;13;288
09 5 73;Fürth;81143;48545;364;48181;14841;0;4584;20151;3377;1751;791;376;121;34;22;9;288;538;0;21;204;118;38;117;36;213;71;185;7;288
09 5 74;Nürnberger Land;123951;72880;539;72341;21784;0;7035;31119;4933;2525;961;618;126;57;25;15;396;837;0;29;372;184;52;200;48;305;102;260;21;337
09 5 75;Neustadt a.d. Aisch-Bad Windsheim;70611;39752;377;39375;9738;0;2887;19517;2872;1262;1198;347;133;28;8;11;170;288;0;20;144;90;28;131;23;171;56;113;6;134
09 5 76;Roth;87825;50063;390;49673;13111;0;4009;25196;2764;1315;736;483;116;46;15;6;283;419;0;26;239;144;37;66;28;129;72;157;13;263
09 5 77;Weißenburg-Gunzenhausen;69959;40161;393;39768;10024;0;2858;20762;2547;987;958;313;113;53;13;4;157;239;0;18;124;110;24;55;26;116;52;106;6;103
09 6 61;Aschaffenburg, Stadt;48019;23301;249;23052;5802;0;2464;10850;1599;719;308;154;46;37;6;2;102;249;0;16;142;75;52;45;19;37;25;169;6;128
09 6 62;Schweinfurt, Stadt;41164;23701;255;23446;7701;0;1680;10549;1454;624;337;143;37;21;8;7;95;242;0;20;116;43;22;49;23;42;39;107;5;82
09 6 63;Würzburg, Stadt;96951;54957;471;54486;12860;0;8195;23089;2996;2485;1482;314;93;80;19;9;265;814;0;36;459;115;58;53;75;248;94;384;9;254
09 6 71;Aschaffenburg;124472;67834;857;66977;16789;0;6030;33655;3871;2017;1220;528;166;123;38;15;390;552;0;62;256;221;75;84;30;64;97;284;9;401
09 6 72;Bad Kissingen;83524;49174;539;48635;9526;0;3227;28745;2613;1298;687;419;140;49;15;17;268;707;0;52;175;110;29;69;25;124;69;124;16;131
09 6 73;Rhön-Grabfeld;63652;37383;319;37064;6690;0;2621;23192;1738;853;436;280;109;46;11;5;167;272;0;34;127;78;35;46;9;61;47;107;10;90
09 6 74;Haßberge;65507;39791;407;39384;10025;0;2553;20906;2161;1250;740;380;95;59;9;8;185;281;0;37;113;68;40;61;20;76;62;126;8;121
09 6 75;Kitzingen;64163;36336;411;35925;8256;0;2776;18065;2645;1208;1116;347;92;70;17;9;187;309;0;32;146;75;35;109;24;169;44;73;7;114
09 6 76;Miltenberg;89661;52147;607;51540;12533;0;4465;26330;2925;1621;1290;455;103;161;41;11;263;363;0;41;190;130;34;117;23;47;55;161;4;177
09 6 77;Main-Spessart;98208;56756;691;56065;13393;0;4546;29751;3098;1539;1125;432;135;74;25;17;296;563;0;33;237;103;35;63;23;107;84;156;7;223
09 6 78;Schweinfurt;85929;52802;529;52273;11243;0;4081;29585;2824;1325;869;445;146;62;29;10;335;339;0;41;186;111;47;95;21;109;76;103;14;177
09 6 79;Würzburg;114413;71395;672;70723;18320;0;7218;34336;3652;2276;1329;518;151;75;34;17;445;675;0;44;342;173;54;98;47;275;91;233;16;304
09 7 61;Augsburg, Stadt;184574;99612;896;98716;24231;0;11053;43271;8803;2951;2436;1507;247;105;43;21;453;1077;0;36;528;279;88;188;91;286;144;510;21;347
09 7 62;Kaufbeuren, Stadt;31679;17362;170;17192;3578;0;1489;8599;1065;689;468;312;38;37;6;2;138;221;0;12;140;58;18;102;13;45;20;51;4;87
09 7 63;Kempten (Allgäu), Stadt;46073;24942;249;24693;5845;0;2336;11178;1626;1171;952;351;47;92;9;5;149;277;0;20;156;78;12;40;9;127;41;82;9;81
09 7 64;Memmingen, Stadt;28976;16194;140;16054;4085;0;1359;7268;1043;546;700;166;50;18;7;4;72;207;0;4;107;43;11;41;9;168;28;54;1;63
09 7 71;Aichach-Friedberg;85225;47434;328;47106;8420;0;4461;24953;3925;1521;943;969;83;66;31;5;278;517;0;14;188;140;28;56;28;115;48;114;19;184
09 7 72;Augsburg;161344;86158;647;85511;18042;0;8029;43249;6215;2794;1974;1464;227;113;48;11;467;1058;0;45;372;267;50;149;51;195;92;235;11;353
09 7 73;Dillingen a.d. Donau;64926;33855;360;33495;6786;0;2120;17971;3150;1088;754;483;77;47;20;4;153;290;0;23;105;80;24;34;25;52;25;70;7;107
09 7 74;Günzburg;83946;43466;406;43060;8463;0;2908;23412;3249;1205;1312;725;118;48;21;2;231;373;0;26;258;138;42;84;23;83;45;117;11;166
09 7 75;Neu-Ulm;110813;58388;696;57692;15039;0;5674;26157;3304;2390;1345;744;170;83;40;4;352;814;0;29;304;180;51;142;45;240;82;195;20;288
09 7 76;Lindau (Bodensee);54802;29298;239;29059;5817;0;3085;14039;1217;1532;1106;421;114;131;22;9;131;599;0;21;201;78;50;37;21;172;34;84;7;131
09 7 77;Ostallgäu;92615;51096;372;50724;8384;0;4301;28115;2529;1844;1630;1786;187;116;24;4;229;565;0;16;221;150;39;143;24;91;49;88;10;179
09 7 78;Unterallgäu;95283;52394;464;51930;7605;0;3314;30025;3257;1571;2402;1100;213;140;34;8;327;742;0;45;252;162;45;115;22;227;38;111;14;161
09 7 79;Donau-Ries;93344;50703;434;50269;11240;0;3555;28111;2575;1228;994;623;124;61;21;10;235;661;0;17;188;106;40;103;19;87;43;86;15;127
09 7 80;Oberallgäu;106450;60228;478;59750;9897;0;5496;32903;2613;2898;2113;1098;161;312;24;10;293;604;0;15;312;201;53;67;34;200;64;140;17;225
909;Bayern;8758640;4940540;44672;4895868;1162117;0;427733;2393374;322702;163399;106973;77815;9226;6695;2036;827;25979;90670;0;2393;21724;12066;3876;7169;3349;11581;6165;18828;1020;18151

10 0 41;Stadtverband Saarbrücken;276563;192698;6710;185988;81508;60716;17810;0;7939;8633;994;60;363;59;49;48;1212;1690;665;21;1165;286;190;282;125;117;260;1187;47;562
10 0 42;Merzig-Wadern;81055;64366;3299;61067;25228;24384;4137;0;2325;2236;517;28;243;26;15;15;292;366;196;13;243;72;87;180;15;57;68;123;13;188
10 0 43;Neunkirchen;118133;86384;3344;83040;41045;26577;5875;0;3711;2510;283;35;187;37;24;17;509;449;346;13;375;113;73;79;31;66;113;333;21;218
10 0 44;Saarlouis;164154;124169;5182;118987;50580;44159;9516;0;5241;4214;683;72;389;57;46;51;710;796;478;22;532;184;115;129;43;121;185;338;23;303
10 0 45;Saarpfalz-Kreis;123141;91307;4063;87244;35486;31060;7910;0;4182;3385;571;54;232;42;17;12;585;921;895;10;400;140;126;99;53;130;133;371;19;411
10 0 46;Sankt Wendel;75855;62785;2684;60101;25143;25722;3736;0;2176;1262;209;27;143;30;2;11;307;279;201;31;153;67;57;52;14;54;62;149;5;209
910;Saarland;838901;621709;25282;596427;258990;212618;48984;0;25574;22240;3257;276;1557;251;153;154;3615;4501;2781;110;2868;862;648;821;281;545;821;2501;128;1891

11 0 00;Berlin, Stadt;2513128;1343515;18368;1325147;372559;375889;189176;0;44197;42310;7242;949;1203;543;1113;635;11401;11529;0;2035;21670;4739;2374;2253;6073;2043;6841;211055;583;6735
911;Berlin;2513128;1343515;18368;1325147;372559;375889;189176;0;44197;42310;7242;949;1203;543;1113;635;11401;11529;0;2035;21670;4739;2374;2253;6073;2043;6841;211055;583;6735

12 0 51;Brandenburg an der Havel, Stadt;70865;24638;366;24272;9612;5034;1127;0;457;697;88;14;41;34;39;29;185;397;0;54;277;91;27;65;107;51;329;5429;15;73
12 0 52;Cottbus, Stadt;95219;37605;575;37030;12528;8592;1827;0;592;853;115;29;65;51;45;23;335;274;0;124;283;127;81;83;212;47;401;10224;46;73
12 0 53;Frankfurt (Oder), Stadt;62140;25801;376;25425;7764;4258;1595;0;622;491;125;26;27;29;46;12;270;242;0;49;253;89;31;143;176;72;350;8685;28;42
12 0 54;Potsdam, Stadt;105571;48598;573;48025;16668;6178;2914;0;740;829;275;35;43;36;35;28;357;330;0;79;423;158;135;98;295;102;468;17627;37;135
12 0 60;Barnim;114105;45410;761;44649;16713;9571;2224;0;1070;1006;162;46;96;90;54;37;469;362;0;155;386;176;50;96;246;58;573;10868;32;109
12 0 61;Dahme-Spreewald;109294;51704;943;50761;18841;11737;2217;0;1385;1362;351;64;103;101;62;25;591;480;0;171;404;185;56;127;217;81;610;11424;43;124
12 0 62;Elbe-Elster;106659;47000;1079;45921;15215;14969;1952;0;1233;1797;167;80;137;144;64;38;576;385;0;411;335;225;46;154;265;87;713;6783;31;114
12 0 63;Havelland;99702;40078;665;39413;16016;8854;1599;0;868;1339;135;49;71;73;56;26;368;322;0;125;409;159;79;118;219;56;537;7775;32;128
12 0 64;Märkisch-Oderland;128432;52678;1019;51659;18367;10670;2083;0;1266;1728;210;70;114;100;72;41;514;380;0;175;440;208;44;149;284;108;723;13768;39;106
12 0 65;Oberhavel;129315;54006;964;53042;20415;11592;2562;0;1317;1313;184;64;110;85;69;46;578;399;0;204;461;205;48;134;267;135;665;12018;37;134
12 0 66;Oberspreewald-Lausitz;120821;47218;1225;45993;15487;14574;1732;0;1202;1153;129;58;130;114;69;40;543;391;0;433;262;159;67;152;250;79;677;8136;61;95
12 0 67;Oder-Spree;143236;58678;1119;57559;21336;12283;2648;0;1584;1501;248;96;117;82;73;55;632;615;0;186;530;228;46;196;403;93;882;13496;65;164
12 0 68;Ostprignitz-Ruppin;86230;32562;620;31942;12951;8069;1396;0;649;1059;143;45;66;70;41;25;251;229;0;102;190;112;36;115;148;118;426;5626;20;55
12 0 69;Potsdam-Mittelmark;132968;59739;1066;58673;23376;13265;3248;0;1239;1821;256;117;107;87;87;57;615;640;0;161;485;248;75;140;301;166;664;11328;70;120
12 0 70;Prignitz;79725;32541;602;31939;12357;9193;1080;0;741;1062;76;61;90;56;37;22;266;248;0;106;201;86;33;106;136;55;398;5435;23;71
12 0 71;Spree-Neiße;115135;46093;1070;45023;14299;14220;1678;0;1097;1205;126;61;125;86;67;28;499;378;0;327;406;184;46;144;225;66;684;8954;31;87
12 0 72;Teltow-Fläming;111779;48113;848;47265;19872;10065;2084;0;1162;1244;264;62;89;83;61;35;477;471;0;121;419;196;46;122;206;139;661;9216;39;131
12 0 73;Uckermark;121663;48970;1050;47920;18670;10973;1957;0;1124;1049;97;76;96;85;68;43;481;347;0;176;298;118;43;140;186;54;745;10954;47;93
912;Brandenburg;1932859;801432;14921;786511;290487;184097;35923;0;18348;21509;3151;1053;1627;1406;1045;610;8007;6890;0;3159;6462;2954;989;2282;4143;1567;10506;177746;696;1854

13 0 01;Greifswald, Hansestadt;46431;29162;1551;27611;4081;10723;1561;0;758;398;76;38;18;25;48;4;259;372;0;43;198;59;39;72;240;51;285;8154;33;76
13 0 02;Neubrandenburg, Stadt;62527;41233;1748;39485;7803;10562;2042;0;1051;700;156;39;30;27;70;13;428;339;0;65;219;119;53;76;267;60;370;14813;43;140
13 0 03;Rostock, Hansestadt;180963;103083;4147;98936;25238;20442;7856;0;1960;1911;336;86;81;81;192;26;762;1273;0;176;789;203;111;205;939;167;786;34867;79;370
13 0 04;Schwerin, Landeshauptstadt;91241;58631;2633;55998;14347;12154;3527;0;733;1304;252;47;30;58;105;15;475;321;0;433;414;116;50;389;844;87;378;19667;41;211
13 0 05;Stralsund, Hansestadt;53270;34683;2283;32400;6032;12049;1600;0;1146;558;69;30;33;28;67;8;370;371;0;62;254;69;34;65;218;94;339;8726;34;144
13 0 06;Wismar, Hansestadt;39859;23406;1210;22196;7346;6534;888;0;425;445;54;12;22;27;29;10;191;264;0;34;257;39;15;47;301;27;175;4965;20;69
13 0 51;Bad Doberan;69555;47603;3594;44009;10354;15299;2335;0;1005;1206;108;59;47;67;113;27;452;575;0;105;323;131;57;131;394;78;437;10482;55;169
13 0 52;Demmin;74718;52866;4478;48388;8279;22290;1267;0;1319;920;105;95;76;109;107;32;488;412;0;149;260;147;32;119;242;92;417;11256;60;115
13 0 53;Güstrow;87456;60123;4781;55342;13935;18450;2653;0;1359;1395;129;84;67;100;116;41;484;515;0;221;339;163;96;137;381;108;506;13818;62;183
13 0 54;Ludwigslust;94146;63919;4861;59058;16570;19967;2755;0;1116;1615;127;114;93;102;139;42;583;403;0;203;384;166;63;241;507;93;444;13061;60;210
13 0 55;Mecklenburg-Strelitz;63480;44129;3656;40473;9332;14463;1640;0;1439;962;97;80;39;78;91;39;431;289;0;143;239;136;47;124;254;77;377;9959;40;97
13 0 56;Müritz;53212;37877;3003;34874;8478;12113;1708;0;1052;834;88;69;45;80;135;30;332;241;0;105;177;85;28;78;271;71;271;8441;42;100
13 0 57;Nordvorpommern;87872;59193;5360;53833;10255;22460;1840;0;1561;1115;141;115;73;98;176;34;572;501;0;188;395;143;59;144;358;67;604;12668;71;195
13 0 58;Nordwestmecklenburg;82020;53842;3963;49879;14095;16258;2081;0;947;1109;140;86;59;109;93;37;465;409;0;167;386;179;65;154;484;99;402;11817;59;179
13 0 59;Ostvorpommern;86997;59772;5650;54122;8858;23099;1636;0;1915;1231;126;86;74;87;122;42;566;539;0;158;267;168;70;146;301;162;633;13595;71;170
13 0 60;Parchim;78924;54303;4143;50160;12544;16932;2127;0;1113;1625;142;77;81;87;119;29;490;379;0;200;325;147;47;143;417;105;453;12350;63;165
13 0 61;Rügen;60341;38260;3251;35009;5794;12334;1352;0;1091;919;71;45;48;73;124;26;434;372;0;85;275;130;50;75;274;73;583;10598;77;106
13 0 62;Uecker-Randow;67502;46478;3819;42659;6946;17811;1401;0;1606;794;93;70;41;56;80;9;381;271;0;156;240;125;41;117;176;81;460;11578;48;78
913;Mecklenburg-Vorpommern;1380514;908563;64131;844432;190287;283940;40269;0;21596;19041;2310;1232;957;1292;1926;464;8163;7846;0;2693;5741;2325;957;2463;6868;1592;7920;230815;958;2777

14 0 01;Chemnitz, Stadt;221999;150855;5992;144863;41083;43307;9372;0;3776;4038;474;84;223;275;101;66;1772;1251;0;1621;1627;420;231;227;2309;387;1411;30206;147;455
14 0 02;Dresden, Landeshauptstadt;372414;249363;10060;239303;35132;87388;20371;0;6675;9054;1371;177;320;418;374;133;2818;3872;0;3678;3746;788;355;664;3234;412;2393;54454;384;1092
14 0 03;Görlitz, Stadt;53776;34280;1606;32674;5987;12323;1783;0;1468;1048;118;45;64;122;27;22;409;409;0;1083;482;108;35;131;344;60;522;5921;28;135
14 0 04;Leipzig, Stadt;382946;221944;7605;214339;55138;56447;21781;0;5489;6244;907;150;195;146;148;130;2504;3518;0;3430;3725;548;296;405;3676;376;1907;46169;315;695
14 0 05;Plauen, Stadt;55588;35656;1492;34164;8081;12757;2243;0;1330;1621;92;18;68;63;22;7;373;268;0;257;370;93;60;60;481;72;309;5377;24;118
14 0 06;Zwickau, Stadt;86174;54828;1997;52831;11740;18642;3189;0;1780;1967;109;42;97;86;39;40;590;438;0;1372;590;130;42;90;553;121;478;10463;32;201
14 0 11;Annaberg;58623;44788;2752;42036;8126;19282;1510;0;1940;1703;77;49;210;246;49;28;530;358;0;701;336;107;35;159;1036;260;561;4610;35;88
14 0 12;Aue;85240;65264;3794;61470;12313;25972;2621;0;2462;1916;134;62;208;243;38;31;707;1156;0;2185;558;159;63;193;570;353;743;8572;37;174
14 0 13;Auerbach;52784;38007;2023;35984;7789;15429;1450;0;1532;1423;91;33;124;215;27;15;361;255;0;1445;283;101;29;33;345;243;271;4389;20;81
14 0 14;Bautzen;89028;65473;3814;61659;9093;30606;2488;0;2319;1854;177;58;131;167;61;27;906;602;0;944;608;213;39;160;586;140;798;9448;59;175
14 0 15;Bischofswerda;47244;36246;2439;33807;6103;15340;1222;0;1244;1759;104;29;77;72;50;14;546;323;0;459;372;137;36;73;335;127;503;4756;27;99
14 0 16;Borna;61677;43111;2376;40735;11102;14822;1614;0;1297;1073;73;39;29;29;27;21;501;375;0;607;441;106;21;50;1750;58;474;6096;41;89
14 0 17;Brand-Erbisdorf;27522;21869;1537;20332;3661;10256;632;0;761;901;51;27;68;61;16;11;291;165;0;246;137;65;8;36;183;47;264;2358;19;68
14 0 18;Chemnitz-Land;72895;55522;3167;52355;13055;22439;2351;0;1555;2294;138;60;181;243;39;20;663;471;0;675;513;163;46;93;621;298;517;5702;58;160
14 0 19;Delitzsch;39373;27944;1581;26363;6519;10172;1268;0;893;1055;79;28;16;14;17;7;342;241;0;194;391;83;25;33;270;30;257;4356;13;60
14 0 20;Dippoldiswalde;32421;25997;1659;24338;3739;11896;956;0;1091;796;96;50;61;104;22;10;434;204;0;266;274;96;29;61;280;93;391;3298;34;57
14 0 21;Döbeln;64762;46856;3215;43641;8820;19234;1746;0;1458;1809;97;47;49;35;29;38;678;423;0;297;440;133;46;88;486;47;610;6875;50;106
14 0 22;Dresden-Land;79214;58803;3530;55273;8222;24279;3663;0;2157;2587;224;57;113;169;71;27;824;753;0;1216;828;192;34;163;726;122;617;7974;50;205
14 0 23;Eilenburg;36165;26533;1437;25096;6077;8636;1721;0;1010;896;51;46;22;18;12;7;339;255;0;251;278;80;20;40;265;37;251;4708;21;55
14 0 24;Flöha;37356;28217;1764;26453;5133;12225;1174;0;986;989;67;25;67;92;25;13;383;222;0;266;284;104;34;35;347;96;385;3373;22;106
14 0 25;Freiberg;58392;42079;2412;39667;7217;17654;2230;0;1308;1281;244;58;105;87;38;34;634;413;0;401;352;138;76;103;483;48;634;5813;34;282
14 0 26;Freital;58410;41980;2446;39534;6735;17925;1822;0;1599;1296;147;46;71;67;47;14;525;387;0;602;481;114;52;91;550;46;503;6242;60;112
14 0 27;Geithain;20969;15703;1149;14554;3540;5968;571;0;526;494;33;16;23;22;13;6;168;157;0;287;140;58;14;34;384;63;165;1813;11;48
14 0 28;Glauchau;48186;34127;1907;32220;7931;13553;1848;0;969;1204;62;29;60;69;27;11;337;306;0;454;318;107;41;73;423;103;371;3803;19;102
14 0 29;Görlitz-Land;17922;13745;1015;12730;2094;5901;504;0;644;407;34;10;32;52;13;17;146;128;0;399;152;57;5;45;151;38;199;1644;17;41
14 0 30;Grimma;52708;38861;2013;36848;9193;13763;2091;0;1306;1892;112;45;61;32;32;34;545;496;0;571;353;150;21;107;484;58;457;4925;33;87
14 0 31;Großenhain;29928;22045;1570;20475;3486;9101;913;0;866;746;73;30;36;46;13;7;244;156;0;680;186;93;18;33;165;52;240;3224;18;49
14 0 32;Hainichen;47203;34614;2320;32294;7180;13707;1355;0;1179;1257;83;34;59;81;32;7;448;279;0;521;359;124;26;83;323;50;442;4555;22;88
14 0 33;Hohenstein-Ernstthal;44810;32387;1983;30404;7158;12409;1401;0;894;1619;54;19;108;49;14;14;383;252;0;483;369;79;25;41;351;117;256;4240;19;50
14 0 34;Hoyerswerda;75720;50645;2866;47779;11779;16146;1602;0;1343;1793;94;45;52;60;35;35;539;411;0;492;394;174;50;103;317;59;567;11536;50;103
14 0 35;Kamenz;43058;33522;1928;31594;5286;15275;1104;0;926;1153;64;34;60;51;28;19;372;203;0;400;344;121;25;50;245;55;398;5275;29;77
14 0 36;Klingenthal;25283;19431;1234;18197;4746;7189;711;0;991;769;62;22;54;77;10;13;216;189;0;233;204;70;12;34;169;149;202;2003;15;57
14 0 37;Leipzig-Land;99877;70854;3345;67509;17056;23989;4626;0;1857;2988;252;55;77;50;42;25;836;908;0;1844;1087;190;66;119;1016;81;608;9438;66;233
14 0 38;Löbau;69000;51511;4042;47469;7089;21669;1776;0;1932;1746;112;43;125;180;37;18;714;622;0;1637;555;153;57;103;552;204;732;7237;44;132
14 0 39;Marienberg;43743;34338;2463;31875;6298;14452;1152;0;1749;1240;87;31;145;133;26;19;410;277;0;389;246;100;46;61;627;163;476;3640;30;78
14 0 40;Meißen;82740;59080;4190;54890;9352;23835;2848;0;2067;2188;175;46;83;95;93;26;730;543;0;1144;715;171;41;208;625;77;663;8901;73;191
14 0 41;Niesky;27630;20695;1302;19393;3159;8674;668;0;938;588;45;12;46;88;32;16;246;152;0;639;158;68;11;30;177;50;301;3233;18;44
14 0 42;Oelsnitz;28472;20607;1361;19246;4707;7500;782;0;1029;826;53;34;54;81;14;11;213;181;0;467;175;66;18;33;205;100;190;2451;13;43
14 0 43;Oschatz;36784;27722;1998;25724;5495;9661;1428;0;900;1158;61;17;24;18;15;23;342;184;0;835;206;80;33;48;421;22;354;4332;20;47
14 0 44;Pirna;80976;59705;3137;56568;8326;26074;2462;0;1939;1952;163;62;76;90;95;74;771;730;0;925;859;187;38;472;529;78;764;9585;84;233
14 0 45;Plauen-Land;27542;21458;1150;20308;4830;8570;1092;0;811;1122;51;29;47;58;15;14;262;150;0;248;187;76;30;23;256;65;213;2086;17;56
14 0 46;Reichenbach;40446;28518;1319;27199;7293;9756;1425;0;1318;1295;64;30;69;133;17;9;301;199;0;692;253;76;31;19;309;77;255;3504;12;62
14 0 47;Riesa;67885;46640;2870;43770;9509;16952;2021;0;1382;1767;117;29;47;53;34;20;566;351;0;771;510;162;31;75;447;75;593;8119;28;111
14 0 48;Rochlitz;36347;27160;1639;25521;6588;10095;1039;0;772;1187;61;25;51;109;24;17;388;206;0;469;220;88;24;166;266;74;352;3219;18;63
14 0 49;Schwarzenberg;41643;30993;2189;28804;5482;12557;1003;0;1434;966;56;19;92;71;22;15;337;315;0;505;232;98;20;157;326;192;406;4404;20;75
14 0 50;Sebnitz;37294;27613;1739;25874;3685;13255;1067;0;1083;1111;73;15;54;45;37;13;297;224;0;381;293;105;21;73;217;40;377;3313;30;65
14 0 51;Stollberg;58640;43922;2828;41094;9476;17369;1628;0;1690;1704;96;54;179;224;23;11;518;427;0;554;337;112;26;89;460;224;506;5265;28;94
14 0 52;Torgau;40755;28835;1523;27312;7127;9661;1253;0;1112;1562;63;35;44;40;20;18;364;281;0;178;238;107;18;50;246;31;355;4427;25;57
14 0 53;Weißwasser;40321;26425;1323;25102;5153;9065;1073;0;1286;759;78;30;38;22;24;16;386;212;0;301;265;126;25;43;255;35;408;5406;32;64
14 0 54;Werdau;51873;36647;1723;34924;8641;13345;1833;0;1779;1597;116;48;126;85;29;19;376;323;0;473;405;117;30;64;437;112;415;4399;26;129
14 0 55;Wurzen;37250;26869;1331;25538;6289;9557;1483;0;920;859;78;45;51;32;33;10;354;299;0;493;294;120;23;66;295;106;301;3726;24;80
14 0 56;Zittau;60860;43961;2616;41345;6438;17684;1803;0;1671;1575;96;102;99;71;54;30;612;1031;0;687;673;136;50;105;475;127;693;6943;51;139
14 0 57;Zschopau;43369;33457;2047;31410;6397;14466;1137;0;1251;1078;58;36;171;171;32;17;384;302;0;432;205;92;29;75;467;209;404;3899;23;75
14 0 58;Zwickau-Land;61554;47240;2917;44323;9047;19195;1955;0;1640;2090;93;59;201;176;41;38;559;333;0;1028;387;154;34;90;459;334;517;5725;34;134
914;Sachsen;3594791;2524945;135735;2389210;500695;937424;134861;0;84334;90296;7640;2370;4943;5536;2255;1337;30494;27186;0;41808;28435;7695;2551;5760;31509;6693;27979;397430;2459;7520

15 1 01;Dessau, Stadt;73984;46117;1467;44650;10909;12992;3400;0;1090;2132;125;58;50;37;126;87;815;553;0;531;561;163;100;106;579;103;837;9089;39;168
15 1 12;Bernburg;56559;36670;1429;35241;9626;10836;1369;0;1002;2013;91;81;54;55;64;54;478;627;0;115;378;95;31;108;409;73;766;6685;44;187
15 1 13;Bitterfeld;89962;57517;2572;54945;15635;17326;2896;0;2038;2661;163;85;89;83;180;66;950;563;0;239;743;164;64;125;582;74;1180;8830;46;163
15 1 18;Gräfenhainichen;28718;20157;1037;19120;5199;6579;785;0;647;1009;60;37;33;22;60;22;330;167;0;93;230;84;16;66;181;71;439;2930;12;48
15 1 24;Jessen;23984;17406;835;16571;4871;5406;776;0;552;821;57;32;34;19;55;15;354;136;0;76;134;67;12;45;123;33;319;2553;17;64
15 1 26;Köthen;56934;37367;1699;35668;9864;11892;1683;0;929;1453;97;104;60;39;88;37;419;512;0;101;357;95;52;104;341;66;716;6556;19;84
15 1 34;Roßlau;26071;18185;646;17539;4625;5584;941;0;503;738;36;22;46;13;44;17;310;184;0;156;208;69;25;39;462;31;479;2932;16;59
15 1 44;Wittenberg;66723;43510;1615;41895;11590;12831;2688;0;1362;2094;159;85;85;65;154;44;741;485;0;118;501;170;49;124;477;91;915;6805;43;219
15 1 47;Zerbst;28226;19456;732;18724;5334;5622;1302;0;612;1025;42;32;32;24;53;27;251;162;0;98;226;74;25;57;211;16;424;2991;19;65
15 2 02;Halle/Saale, Stadt;227627;138458;7244;131214;30474;31570;9333;0;2755;9269;354;123;139;144;551;105;1822;1521;0;387;2801;393;193;328;2683;146;2326;33030;150;617
15 2 11;Aschersleben;47109;32161;1093;31068;8657;9242;1739;0;708;1670;91;43;37;27;72;34;403;260;0;426;389;102;29;109;343;32;785;5701;28;141
15 2 15;Eisleben;51392;34147;1419;32728;9056;11300;1140;0;886;1310;83;52;52;40;108;22;506;354;0;136;574;104;21;91;351;33;673;5695;23;118
15 2 22;Hettstedt;40584;27997;1188;26809;7507;9495;1125;0;703;931;74;42;32;40;66;42;454;266;0;127;316;79;31;76;316;51;609;4295;40;92
15 2 23;Hohenmölsen;20549;14228;644;13584;3763;4764;529;0;387;521;31;19;22;10;36;15;210;100;0;62;126;36;10;56;92;9;294;2437;21;34
15 2 27;Merseburg;87933;56123;2271;53852;14813;16794;2578;0;1352;3181;135;78;69;70;121;67;772;457;0;299;799;169;56;155;1308;61;1027;8942;69;480
15 2 28;Naumburg;39478;27171;1051;26120;6812;8483;1671;0;1021;1596;78;40;47;40;97;26;426;224;0;225;439;91;25;113;276;21;489;3790;16;74
15 2 29;Nebra;21616;15493;777;14716;3739;4815;680;0;482;1245;42;25;23;31;57;15;229;133;0;53;143;46;14;77;231;22;363;2189;26;36
15 2 33;Querfurt;23772;16711;839;15872;3992;5274;593;0;480;1513;45;29;33;18;39;13;259;132;0;94;153;59;15;52;241;18;343;2400;29;48
15 2 35;Saalkreis;49655;35528;1915;33613;8259;11481;1500;0;967;2804;109;49;43;44;99;29;590;313;0;146;377;108;29;130;398;28;704;5257;31;118
15 2 37;Sangerhausen;57138;39737;1875;37862;10458;12690;1615;0;1121;2196;102;54;56;41;108;45;584;310;0;109;512;112;63;133;436;56;931;5967;60;103
15 2 42;Weißenfels;46935;29505;1056;28449;7346;9443;1375;0;900;1313;102;53;52;48;78;34;455;294;0;225;424;114;42;104;355;32;623;4798;32;207
15 2 46;Zeitz;56165;36256;1798;34458;9072;11909;1575;0;1207;1412;100;80;73;38;97;42;573;351;0;131;443;114;24;104;306;61;723;5848;52;123
15 3 03;Magdeburg, Landeshauptstadt;211283;131619;2783;128836;38310;28747;10519;0;3078;3404;318;105;123;77;207;99;1415;1120;0;273;2062;348;137;286;1318;180;1965;33869;89;787
15 3 14;Burg;46867;31465;1017;30448;9309;9229;1532;0;793;1077;86;37;59;32;60;26;363;305;0;88;345;97;53;57;427;40;490;5845;30;68
15 3 16;Gardelegen;27599;19407;784;18623;5312;5848;1200;0;600;801;39;18;24;20;33;17;186;228;0;54;236;52;50;43;188;21;379;3196;12;66
15 3 17;Genthin;28105;18763;699;18064;6050;4916;1069;0;521;692;63;27;31;20;49;19;299;200;0;35;197;88;44;45;180;21;432;2979;12;75
15 3 19;Halberstadt;65358;44333;1340;42993;12266;14003;2389;0;1177;1430;96;75;46;37;88;27;470;375;0;117;558;119;68;136;1126;78;711;7485;14;102
15 3 20;Haldensleben;42319;30644;1496;29148;8901;9679;1753;0;798;1066;78;26;47;44;61;44;308;360;0;76;291;89;54;64;230;78;522;4468;30;81
15 3 21;Havelberg;15373;10397;378;10019;3013;2836;412;0;270;499;35;9;15;31;26;9;129;74;0;50;133;36;8;24;61;39;196;2077;10;27
15 3 25;Klötze;21567;14840;597;14243;3974;4676;777;0;464;805;43;24;28;22;22;15;165;151;0;37;147;39;13;42;157;27;227;2330;8;50
15 3 30;Oschersleben;31502;22416;833;21583;7987;6341;947;0;505;564;41;36;26;31;43;21;278;166;0;53;224;66;24;43;147;21;362;3609;11;37
15 3 31;Osterburg;31783;22919;962;21957;6558;6883;1092;0;626;855;57;28;40;26;41;28;283;191;0;66;198;68;29;40;280;58;447;3978;12;73
15 3 32;Quedlinburg;64173;41554;1827;39727;11479;12264;2147;0;1020;2105;119;57;57;67;79;41;626;450;0;311;575;138;35;151;584;89;918;6256;35;124
15 3 36;Salzwedel;33298;22498;926;21572;6375;6413;1238;0;706;622;51;15;32;24;47;24;237;258;0;70;196;76;65;23;354;40;345;4284;22;55
15 3 38;Schönebeck;61219;40299;1393;38906;10871;12965;1890;0;1044;1251;102;51;52;31;74;39;503;377;0;131;438;118;28;76;318;76;808;7533;37;93
15 3 39;Staßfurt;50083;32849;1266;31583;9242;9851;1438;0;760;1318;64;49;40;40;84;41;348;234;0;114;332;102;29;76;203;32;570;6480;28;108
15 3 40;Stendal;70903;44601;1512;43089;13752;12569;2496;0;1220;1383;106;55;68;58;87;59;549;420;0;132;543;129;41;134;469;81;827;7724;33;154
15 3 41;Wanzleben;30384;22007;897;21110;6166;6791;1035;0;569;946;36;29;25;28;50;23;287;181;0;55;168;55;6;51;137;28;372;4009;16;47
15 3 43;Wernigerode;75873;54552;1747;52805;15695;15552;3339;0;1466;1960;133;72;76;66;107;44;789;520;0;133;721;158;90;161;559;99;984;9876;46;159
15 3 45;Wolmirstedt;33999;23844;1010;22834;6476;7615;1341;0;668;943;85;25;35;29;56;39;380;263;0;57;287;70;28;66;198;24;433;3575;23;118
915;Sachsen-Anhalt;2162802;1428907;56669;1372238;383337;413506;77907;0;37989;64628;3728;1961;1985;1631;3567;1473;19546;13977;0;5799;18485;4356;1728;3820;17637;2160;26953;259293;1300;5472

16 0 01;Erfurt, Landeshauptstadt;155611;99525;2204;97321;24922;26907;8503;0;1744;2722;648;96;53;110;118;50;828;1097;0;578;1172;335;82;216;2366;135;740;23141;44;714
16 0 02;Gera, Stadt;97669;62781;2037;60744;13812;17026;3811;0;1618;1745;134;76;61;72;98;32;737;658;0;1081;849;244;76;152;842;51;664;16468;43;394
16 0 03;Jena, Stadt;77427;52274;1043;51231;13484;12391;5616;0;1021;2748;169;59;35;35;54;21;442;737;0;336;533;190;97;120;1360;63;408;10883;33;396
16 0 04;Suhl, Stadt;41785;29081;827;28254;6362;7415;1667;0;697;877;156;23;28;32;45;7;248;171;0;139;221;92;34;58;1049;19;207;8596;18;93
16 0 05;Weimar, Stadt;46656;32493;824;31669;7997;9183;3673;0;722;1310;130;28;23;36;36;15;316;321;0;166;407;120;59;100;971;46;276;5489;17;228
16 0 11;Altenburg;73605;49883;2036;47847;12173;17542;2656;0;1622;1432;98;56;51;55;46;18;449;344;0;421;433;171;52;145;632;120;536;8440;30;325
16 0 12;Apolda;34731;24936;989;23947;5727;9102;1268;0;629;1409;63;33;24;25;17;8;694;205;0;117;261;78;22;82;314;39;208;3519;9;94
16 0 13;Arnstadt;47422;34682;1234;33448;8751;11693;2020;0;877;1409;95;65;29;43;47;12;351;247;0;685;312;141;20;193;824;58;356;5056;18;146
16 0 14;Artern;39317;29908;1293;28615;8107;10043;1216;0;975;1477;50;43;23;30;26;9;255;147;0;262;197;133;11;71;324;18;311;4777;25;85
16 0 15;Bad Salzungen;66009;49291;1848;47443;12710;18913;2451;0;1657;1913;78;46;53;39;46;17;372;223;0;300;325;167;16;101;416;46;295;7007;18;234
16 0 16;Eisenach;83494;59378;1905;57473;17151;20541;3643;0;1521;1991;183;57;56;75;44;14;494;300;0;378;502;165;38;150;674;89;427;8523;21;436
16 0 17;Eisenberg;24380;17125;848;16277;4193;5306;1004;0;576;1004;53;33;22;36;31;7;178;173;0;137;188;102;15;42;192;11;174;2710;11;79
16 0 18;Erfurt;34225;26353;1061;25292;5814;10769;1611;0;641;1153;100;40;22;36;32;7;267;249;0;166;197;124;15;65;374;13;198;3268;11;120
16 0 19;Gera;40117;29880;1226;28654;7244;10984;1595;0;943;1157;64;47;37;28;38;13;317;281;0;477;266;142;20;67;323;38;240;4207;15;111
16 0 20;Gotha;106817;76691;2555;74136;21351;26039;4839;0;1830;3478;181;90;63;96;68;27;761;489;0;798;766;274;63;288;914;115;585;10144;41;836
16 0 21;Greiz;35682;25175;859;24316;7233;8276;1299;0;890;875;73;37;37;38;35;15;284;218;0;212;244;104;16;55;544;84;241;3392;12;102
16 0 22;Heiligenstadt;31367;24870;647;24223;4271;14271;1009;0;478;679;239;11;43;26;9;5;155;69;0;102;132;37;9;44;215;26;147;2184;3;59
16 0 23;Hildburghausen;44314;33586;1337;32249;8477;11831;1429;0;944;2237;133;41;12;24;26;18;297;151;0;423;152;128;15;60;269;19;233;5234;9;87
16 0 24;Ilmenau;49298;37445;1468;35977;9207;13299;1627;0;1325;1251;92;36;18;42;32;13;379;234;0;839;261;110;53;91;684;38;339;5840;16;151
16 0 25;Jena;24245;18277;703;17574;4147;6631;1132;0;657;1145;56;36;20;19;30;4;192;184;0;127;150;109;16;45;308;16;136;2316;9;89
16 0 26;Langensalza;33564;24545;871;23674;6578;8603;1152;0;707;1562;48;28;13;14;20;6;219;147;0;141;164;86;12;82;235;43;169;3535;9;101
16 0 27;Lobenstein;20957;15987;595;15392;4535;4987;626;0;582;745;58;24;44;25;7;7;174;84;0;160;122;63;19;26;120;33;124;2767;7;53
16 0 28;Meiningen;50487;38638;1434;37204;8946;14556;2231;0;979;1291;135;53;28;34;34;12;337;196;0;258;351;121;21;58;354;56;313;6549;19;272
16 0 29;Mühlhausen;65438;49119;1436;47683;14404;18802;2282;0;1208;1766;87;43;32;50;39;14;367;264;0;327;375;152;20;145;419;32;371;6154;26;304
16 0 30;Neuhaus a. Rennweg;27308;21077;975;20102;5964;7061;829;0;844;739;41;17;15;14;11;8;183;127;0;153;105;68;9;33;217;16;134;3456;6;52
16 0 31;Nordhausen;82257;57415;1797;55618;17272;17761;2838;0;1460;2005;106;72;33;36;49;20;434;234;0;180;476;171;30;124;1196;126;392;10478;15;110
16 0 32;Pößneck;38609;28036;1003;27033;6909;9875;1421;0;1499;1266;60;32;22;27;17;16;209;187;0;520;194;103;16;55;295;33;229;3928;13;107
16 0 33;Rudolstadt;49702;35720;1281;34439;8420;12305;1962;0;1202;1611;100;46;50;37;28;24;371;322;0;302;358;156;30;110;536;41;357;5888;19;164
16 0 34;Saalfeld;43257;29845;889;28956;7671;9574;1651;0;1024;1313;77;33;26;31;19;7;291;198;0;350;238;120;44;72;469;35;279;5259;20;155
16 0 35;Schleiz;22023;16916;723;16193;3929;6172;937;0;632;786;53;28;33;27;23;3;144;109;0;106;132;74;15;37;204;68;118;2486;4;73
16 0 36;Schmalkalden;48493;35370;1353;34017;8214;14312;1633;0;981;1822;58;29;47;72;15;5;264;157;0;342;254;101;26;58;360;87;209;4796;12;163
16 0 37;Schmölln;23815;17455;860;16595;4437;6536;799;0;499;629;40;34;8;25;10;8;156;136;0;247;145;65;12;40;251;54;166;2226;9;63
16 0 38;Sömmerda;48151;35434;1300;34134;8383;13215;2138;0;905;1901;70;44;26;35;37;14;373;233;0;172;282;117;19;79;379;29;330;5213;11;129
16 0 39;Sondershausen;39428;30028;1056;28972;7932;10613;1516;0;940;1203;49;25;21;38;13;15;186;164;0;207;244;108;12;70;266;36;256;4976;9;73
16 0 40;Sonneberg;45036;33856;1295;32561;8712;11116;1438;0;1371;1758;104;45;39;27;17;14;217;214;0;409;213;103;25;42;343;54;169;6026;14;91
16 0 41;Stadtroda;24263;18104;753;17351;4143;6321;1103;0;537;974;58;39;20;30;22;5;170;132;0;130;174;76;16;44;346;15;160;2743;11;82
16 0 42;Suhl;31484;22894;1121;21773;5487;8170;1106;0;650;965;189;22;14;7;29;2;249;151;0;238;206;81;12;55;484;7;154;3390;13;92
16 0 43;Weimar;31775;24159;1028;23131;5444;9318;1560;0;719;1302;86;42;20;23;32;10;261;209;0;155;232;111;20;77;346;21;207;2820;6;110
16 0 44;Worbis;53753;41742;1093;40649;8063;22608;1388;0;814;1439;462;25;59;41;17;10;252;160;0;370;148;74;16;94;355;42;252;3848;6;106
16 0 45;Zeulenroda;25571;19275;740;18535;4550;7507;1068;0;623;808;42;40;16;29;21;5;208;141;0;231;174;67;17;45;242;25;190;2386;10;90
916;Thüringen;1959542;1409249;48547;1360702;353126;487574;81747;0;39543;57897;4718;1674;1276;1519;1338;517;13081;10063;0;12742;12155;4983;1120;3491;21012;1897;11300;230118;642;7169

999;Bundesgebiet;60473927;36295529;884115;35411414;11389697;11346073;3563268;2393374;1387070;1442857;273776;110778;66766;40115;23851;10678;231265;385676;2781;80618;275866;92031;37672;77227;107615;93210;127104;1670316;12992;168738
