Land;District;Name;Eligible Voters;Voters;Invalid;Valid;CDU;GRÜNE;SPD;AFD;CSU;DIE LINKE;FDP;Die PARTEI;FREIE WÄHLER;Tierschutzpartei;ÖDP;FAMILIE;VOLT;PIRATEN;MERA25;HEIMAT;TIERSCHUTZ hier!;PARTEI FÜR DIE TIERE;BP;Graue Panther;Die Grauen;Verjüngungsforschung;BIG;Tierschutzallienz;Bündnis C;Die Humanisten;Volksabstimmung;DIE FRAUEN;LKR;BGE;ÖkoLinX;MENSCHLICHE WELT;LIEBE;DIE VIOLETTEN;DIE DIREKTE!;DIE RECHTE;DKP;MLPD;NL;III. Weg;SGP
SH;01001;Flensburg, Stadt;70431;39647;237;39410;6829;14603;5676;2477;0;2349;1988;1663;257;925;184;345;285;405;222;44;118;61;24;80;74;47;34;80;48;97;45;55;28;72;52;40;38;40;33;19;14;13;24;7;15
SH;01002;Kiel, Landeshauptstadt;186195;109595;577;109018;18311;40324;17911;6459;0;6497;5270;4962;525;1488;516;599;1139;1358;675;119;197;144;38;243;180;129;129;155;85;371;85;103;110;150;198;99;71;84;64;37;68;42;62;9;12
SH;01003;Lübeck, Hansestadt;166530;90946;461;90485;18416;28633;17566;6773;0;4231;4174;2680;1018;1189;456;611;935;883;332;162;214;126;48;181;121;104;213;125;97;234;77;126;73;89;97;68;97;78;56;40;49;40;54;13;6
SH;01004;Neumünster, Stadt;60215;29036;231;28805;7039;7809;5286;2761;0;1041;1539;678;240;407;123;287;114;352;62;140;71;56;25;80;69;34;101;42;43;56;44;42;70;28;20;17;28;21;25;12;11;9;14;6;3
SH;01051;Dithmarschen;107045;58244;475;57769;17955;12121;10294;5121;0;2002;4498;1089;609;886;157;613;185;539;100;98;126;118;28;170;126;111;6;94;25;78;81;70;45;64;41;54;65;47;32;38;22;13;23;13;12
SH;01053;Herzogtum Lauenburg;152666;91899;609;91290;24912;23552;15940;8355;0;3168;5774;1877;990;1439;508;919;502;658;196;171;216;164;69;212;192;107;40;149;124;127;91;109;115;79;60;68;97;68;54;51;33;24;49;18;13
SH;01054;Nordfriesland;131877;77635;446;77189;23444;22580;12566;4373;0;2449;4432;1340;563;1115;244;771;337;815;148;119;198;148;38;184;132;114;17;132;50;104;88;96;48;76;78;73;92;63;40;34;18;22;25;11;12
SH;01055;Ostholstein;165528;96712;723;95989;28117;24383;18289;7752;0;2823;5910;1455;1018;1282;336;947;355;752;181;171;253;208;61;190;161;124;32;131;101;104;85;99;93;72;70;58;85;74;56;30;45;16;31;22;17
SH;01056;Pinneberg;239300;150689;1005;149684;39119;43260;25994;11681;0;5480;9465;3258;1102;2049;691;1119;794;1254;452;182;352;219;87;381;313;169;194;241;152;222;179;179;183;114;99;94;110;119;104;68;54;22;83;31;15
SH;01057;Plön;105085;66925;424;66501;18150;19797;11683;4846;0;2067;3618;1365;559;900;231;564;292;582;142;100;172;149;37;136;148;76;20;104;65;81;61;54;83;52;44;57;70;48;37;24;25;24;22;7;9
SH;01058;Rendsburg-Eckernförde;218614;136614;793;135821;38936;39806;22593;9206;0;4221;7544;2993;1001;2091;573;1205;532;1302;327;195;317;269;71;320;282;178;87;231;95;201;126;128;153;131;123;97;96;110;71;48;36;29;64;18;15
SH;01059;Schleswig-Flensburg;159674;95525;618;94907;27527;28887;15339;5705;0;3123;4739;1880;1087;1474;361;997;409;841;170;103;256;199;53;202;187;131;28;158;55;117;88;96;68;92;71;61;103;80;71;45;24;20;37;12;11
SH;01060;Segeberg;212630;126584;766;125818;34078;33886;21105;10296;0;4597;8446;2552;1407;1937;590;1403;653;1065;309;212;304;223;79;351;316;147;71;216;143;168;159;165;144;105;93;92;122;105;85;50;43;18;53;17;13
SH;01061;Steinburg;104839;60505;387;60118;17285;16150;9848;4675;0;2159;3682;1272;593;978;200;598;287;613;99;123;159;96;40;146;121;61;42;109;76;97;96;47;53;41;47;49;83;58;34;23;21;11;25;11;10
SH;01062;Stormarn;188732;123481;617;122864;32902;36077;19924;9778;0;4138;8459;2403;938;1607;674;1078;710;834;300;157;263;179;71;291;260;148;98;187;103;168;112;136;141;102;107;75;109;84;67;41;51;11;55;13;13
HH;02000;Hamburg, Freie und Hansestadt;1302548;805905;9473;796432;140966;247719;157840;51649;0;55375;44355;30138;3392;10973;5504;2551;9455;6478;6375;877;1403;1154;518;1530;1087;790;2640;1035;801;1601;678;950;990;1285;1692;763;666;569;503;302;520;353;723;144;88
NI;03101;Braunschweig, Stadt;190413;122195;573;121622;27475;34110;24209;8329;0;5764;6281;4831;598;1782;765;611;1612;1159;567;177;284;194;59;213;190;131;323;151;141;338;107;149;276;122;99;73;93;82;83;34;33;64;82;13;18
NI;03102;Salzgitter, Stadt;72737;37215;393;36822;9268;5440;9457;5519;0;1759;1538;796;263;637;102;287;144;204;50;149;138;77;35;65;72;78;175;74;48;56;43;50;69;19;19;18;47;20;14;39;10;9;12;12;10
NI;03103;Wolfsburg, Stadt;89191;50390;324;50066;14495;8970;12056;5105;0;1811;2482;1153;276;820;267;337;217;359;102;124;152;93;49;116;94;89;70;86;152;70;77;64;69;26;23;36;42;24;33;19;37;28;25;11;7
NI;03151;Gifhorn;136223;82780;507;82273;26026;15740;17360;8047;0;2629;3943;1855;519;1289;363;614;356;529;181;144;272;154;98;166;159;151;74;159;584;128;89;91;90;46;35;61;54;59;60;52;21;19;32;14;10
NI;03153;Goslar;107632;62885;495;62390;17949;10754;15236;6409;0;2449;3052;1550;340;1142;244;415;310;385;133;212;241;136;68;114;133;111;87;107;45;111;94;70;89;70;38;38;62;35;38;61;16;13;15;9;9
NI;03154;Helmstedt;73182;42754;326;42428;13022;6885;10514;3895;0;1470;2101;963;274;806;197;341;167;282;91;208;161;99;50;115;68;80;29;69;57;61;67;51;68;32;29;29;33;11;25;27;16;10;16;3;6
NI;03155;Northeim;107594;60355;361;59994;16764;11405;16431;4877;0;1930;2959;1354;352;852;199;399;237;335;110;163;201;89;60;101;114;98;59;112;128;68;78;71;65;76;47;40;57;41;29;30;14;12;21;6;10
NI;03157;Peine;103605;64184;418;63766;16993;12304;16669;5936;0;2229;2931;1513;388;1119;251;507;322;412;128;142;211;154;50;159;137;105;191;120;100;101;88;70;69;53;37;45;50;43;28;37;13;15;23;16;7
NI;03158;Wolfenbüttel;96324;62070;402;61668;17032;13082;14374;5512;0;2185;3050;1815;330;1031;256;357;328;454;129;141;193;128;51;127;105;80;92;95;50;95;66;76;125;37;29;51;46;31;31;25;15;10;17;9;8
NI;03159;Göttingen;253354;152703;745;151958;38912;38410;33889;10309;0;6652;6862;4226;1352;2055;666;834;1352;1010;834;276;375;231;129;221;280;187;165;238;160;393;190;158;206;236;419;93;122;131;88;64;73;50;67;27;16
NI;03241;Region Hannover;844533;540175;2752;537423;132337;140558;112047;43422;0;23979;26322;15886;3071;7842;2454;2872;3611;4331;2130;726;1320;865;415;1048;1080;761;1842;779;859;1166;682;621;558;524;650;406;403;333;311;276;290;229;260;101;56
NI;03251;Diepholz;169375;105348;681;104667;33709;22484;21150;7850;0;3533;6581;2189;710;1418;524;665;427;601;195;155;296;190;59;175;168;163;80;136;98;175;131;117;91;98;81;73;67;66;59;51;24;19;25;22;12
NI;03252;Hameln-Pyrmont;116288;67945;413;67532;19200;13908;15755;6648;0;2609;3180;1273;424;971;225;441;280;434;141;119;249;131;67;133;137;87;102;150;110;79;109;119;68;46;41;40;53;47;38;47;15;8;22;15;11
NI;03254;Hildesheim;217020;135482;663;134819;37713;30585;31123;11272;0;5024;6048;3216;747;2050;555;879;627;773;307;260;410;236;132;232;253;175;165;215;224;238;209;143;131;133;113;91;99;84;73;104;54;25;46;35;20
NI;03255;Holzminden;55950;33503;372;33131;9913;5508;9336;2759;0;924;1902;558;167;435;98;234;100;188;43;72;116;52;46;54;40;33;32;69;88;41;56;34;27;31;23;17;33;26;23;15;11;2;14;8;3
NI;03256;Nienburg (Weser);94437;53561;352;53209;17389;10762;11554;4601;0;1657;2554;1069;323;693;159;351;204;324;116;114;121;94;41;94;89;104;27;88;51;91;79;67;53;58;34;45;49;34;31;30;14;8;16;11;10
NI;03257;Schaumburg;124384;72992;399;72593;20079;15795;17483;6544;0;2296;3234;1549;496;1153;300;549;305;451;148;114;205;164;69;164;144;105;138;115;158;102;91;73;83;62;65;50;64;64;41;56;20;15;24;16;9
NI;03351;Celle;139021;83672;435;83237;26932;16508;15024;9096;0;2703;4657;1712;807;1342;316;584;357;462;186;153;294;158;98;184;177;132;36;154;215;116;115;101;115;70;59;60;77;51;54;31;27;15;31;20;8
NI;03352;Cuxhaven;158334;97886;832;97054;36581;17489;19955;7845;0;3275;3709;1593;756;1438;275;555;355;519;140;176;286;200;65;210;141;133;36;178;65;135;169;131;99;88;63;68;71;64;35;50;23;22;31;13;17
NI;03353;Harburg;199955;132929;828;132101;38070;34654;21515;11358;0;4437;7935;2754;1309;2584;721;843;771;839;408;192;315;229;145;293;261;169;87;193;216;183;134;142;521;95;102;99;94;101;89;73;36;28;79;17;10
NI;03354;Lüchow-Dannenberg;39160;23088;147;22941;6175;6558;3915;1710;0;1269;896;595;125;333;151;167;91;121;107;39;73;36;11;38;32;32;2;35;39;19;29;24;25;64;92;23;30;20;15;11;12;11;7;3;6
NI;03355;Lüneburg;142507;95397;666;94731;23611;27046;17596;7151;0;4530;3914;2614;515;1728;608;567;874;724;393;216;262;189;84;184;160;135;53;144;77;142;112;125;132;175;168;90;85;87;54;70;33;15;44;17;7
NI;03356;Osterholz;90731;56826;310;56516;16084;13754;11606;4550;0;2714;2699;1105;344;818;201;355;251;317;155;89;173;109;42;122;115;66;32;99;73;118;73;63;55;54;40;44;44;33;29;27;17;11;19;10;6
NI;03357;Rotenburg (Wümme);129318;80401;456;79945;28225;17223;14467;5814;0;2641;4221;1708;768;1074;249;557;325;476;159;164;207;116;59;114;125;123;35;142;107;108;111;93;78;62;52;67;66;45;40;34;17;16;29;15;13
NI;03358;Heidekreis;108608;64342;406;63936;19910;12856;14195;5766;0;1987;3243;1179;442;984;258;454;245;380;117;147;201;112;47;126;138;101;22;118;107;85;109;94;70;73;48;47;49;52;32;47;28;8;25;23;11
NI;03359;Stade;157508;98083;593;97490;30779;22224;18491;8245;0;3434;4715;1965;842;1558;361;654;621;784;212;238;249;166;67;168;160;108;92;140;80;147;126;87;182;85;65;70;86;58;69;50;24;15;51;8;14
NI;03360;Uelzen;74964;46290;375;45915;15072;9501;9168;4038;0;1550;2348;906;225;651;191;300;235;327;87;89;144;83;27;99;80;76;13;78;67;71;44;58;61;51;42;39;48;24;24;37;21;9;13;11;7
NI;03361;Verden;105973;68058;498;67560;20584;15916;14118;5242;0;2396;3132;1368;555;929;270;394;290;380;157;101;201;128;30;107;103;88;89;101;82;106;84;78;67;73;66;52;58;56;42;39;15;12;35;11;5
NI;03401;Delmenhorst, Stadt;56279;29611;259;29352;7315;5907;6500;3480;0;1434;1403;716;262;607;100;224;128;198;58;48;102;61;28;108;71;64;118;53;18;33;53;25;39;29;25;21;33;20;20;16;7;5;11;7;5
NI;03402;Emden, Stadt;37967;22907;333;22574;4188;4876;6545;2134;0;1282;1102;617;136;399;47;178;103;200;38;50;66;52;15;43;56;39;13;27;33;46;51;32;26;19;15;27;22;12;21;14;31;5;7;4;3
NI;03403;Oldenburg (Oldenburg), Stadt;129795;84221;388;83833;16019;29947;14420;4379;0;5395;3885;3148;445;1231;579;347;593;619;400;100;204;106;39;135;114;86;105;120;53;219;92;101;289;110;168;58;48;51;50;26;55;29;51;8;9
NI;03404;Osnabrück, Stadt;123608;79178;393;78785;18653;26208;13966;3780;0;4182;3762;2711;301;857;456;262;678;559;312;73;139;85;39;90;109;61;217;79;96;257;71;60;95;96;196;48;40;44;44;31;42;25;48;5;8
NI;03405;Wilhelmshaven, Stadt;61706;32937;315;32622;8502;6412;8470;3021;0;1231;1431;879;325;483;93;231;218;176;90;57;101;75;66;63;72;54;11;49;15;80;53;47;93;31;25;24;23;17;24;24;17;18;14;5;2
NI;03451;Ammerland;97566;63255;463;62792;19150;14780;12396;4419;0;2164;3766;1314;415;949;597;498;285;357;97;98;181;90;37;99;101;103;30;95;35;84;94;70;156;50;46;34;39;29;32;31;16;7;22;17;9
NI;03452;Aurich;153372;92401;1377;91024;22122;17673;26003;8282;0;3462;4382;1752;844;1563;288;711;385;572;152;185;367;234;63;170;187;153;33;170;146;106;131;163;107;97;59;65;90;53;54;79;24;23;31;14;29
NI;03453;Cloppenburg;120227;66148;407;65741;31400;10264;8862;4903;0;1797;3639;1169;284;582;208;549;232;349;53;104;131;61;23;93;89;82;16;62;206;90;62;74;82;32;27;39;40;33;41;21;6;8;18;3;7
NI;03454;Emsland;239069;150178;991;149187;73445;24494;22028;8120;0;3611;7597;2587;539;1346;331;948;557;718;165;190;240;193;69;155;161;193;38;155;118;174;118;151;133;92;51;68;92;72;73;60;26;12;36;15;16
NI;03455;Friesland;81384;50517;527;49990;13854;10287;12575;3873;0;1705;2663;1179;297;846;191;381;220;293;93;76;179;106;37;107;96;81;18;94;27;64;71;60;148;44;42;46;61;26;35;34;18;18;24;14;7
NI;03456;Grafschaft Bentheim;97968;65766;427;65339;25492;12069;15485;3088;0;1724;3063;957;243;669;286;395;196;292;76;73;175;95;53;64;66;70;42;79;79;51;65;67;38;28;35;36;42;32;24;19;22;10;22;11;6
NI;03457;Leer;131488;73354;640;72714;19629;14554;18618;6572;0;2683;3381;1786;363;1114;314;610;387;409;129;138;224;163;51;146;135;91;20;109;184;104;107;101;140;61;44;44;62;57;50;58;26;7;19;8;16
NI;03458;Oldenburg;101026;63567;287;63280;18017;16006;11426;4914;0;2323;4327;1310;716;973;300;466;279;354;132;88;190;103;47;130;127;94;22;94;46;107;90;80;149;44;43;46;49;42;51;26;13;5;32;9;10
NI;03459;Osnabrück;272973;171071;1109;169962;61372;38162;33789;9553;0;5296;8456;3181;784;1806;580;1189;643;881;299;248;351;288;123;196;238;219;119;201;329;220;179;208;172;113;99;101;137;104;73;90;41;24;63;14;21
NI;03460;Vechta;101152;65089;367;64722;31667;11755;7671;3927;0;1522;3733;1274;326;523;170;383;259;309;77;61;93;51;24;69;86;69;51;67;30;94;75;72;36;16;25;25;46;28;24;21;20;12;21;5;5
NI;03461;Wesermarsch;69579;37953;294;37659;10540;8152;8826;2973;0;1446;1993;914;235;604;123;267;144;235;69;69;124;70;10;75;100;75;41;79;16;72;64;44;52;25;22;31;33;33;25;29;17;10;11;5;6
NI;03462;Wittmund;46072;24414;232;24182;7688;4547;5600;2118;0;748;1208;443;147;422;79;198;85;116;42;44;100;55;22;40;65;35;12;41;29;28;40;24;46;29;17;16;24;25;11;12;2;7;5;8;4
HB;04011;Bremen, Stadt;390038;254481;3115;251366;55205;58947;60790;17977;0;20056;11606;8744;1427;2646;604;682;1828;2077;1258;288;543;343;109;344;247;248;916;289;176;917;348;282;181;590;474;341;127;92;110;127;174;103;89;37;24
HB;04012;Bremerhaven, Stadt;80172;41806;812;40994;8873;7443;10776;4473;0;2788;2105;1012;209;715;88;243;175;505;87;96;161;124;29;120;73;69;89;79;26;122;94;55;33;71;30;61;27;8;16;71;13;16;11;3;5
NW;05111;Düsseldorf, Stadt;414530;263153;1417;261736;64587;76394;39877;18079;0;12587;22172;7742;1363;3216;1123;1097;3027;1721;1334;276;588;401;163;592;434;295;1041;308;172;526;255;251;352;199;198;176;224;192;168;88;129;162;183;25;19
NW;05112;Duisburg, Stadt;325373;162888;1549;161339;32106;31533;39558;19359;0;9320;8447;4902;995;2952;579;1216;1043;1220;422;463;517;412;100;469;431;286;2223;261;167;272;288;216;101;121;135;120;137;142;89;192;92;307;74;25;47
NW;05113;Essen, Stadt;416106;246269;1877;244392;57242;55645;51163;26304;0;11303;15744;6771;1342;4491;1015;1495;1513;1616;713;415;630;363;146;538;551;261;1276;379;276;423;293;288;231;200;171;228;185;192;142;124;249;268;136;36;34
NW;05114;Krefeld, Stadt;162065;93883;776;93107;24916;22805;17017;7248;0;4388;7041;2297;462;1500;379;580;588;694;317;147;214;212;51;168;173;128;468;126;70;150;121;97;85;116;71;63;74;76;62;38;43;63;41;11;7
NW;05116;Mönchengladbach, Stadt;188522;103352;982;102370;30600;23257;16469;8868;0;4514;7215;2685;685;1892;430;664;577;807;243;231;259;260;66;238;221;143;617;175;51;198;151;107;63;83;73;77;86;91;72;43;44;40;49;19;7
NW;05117;Mülheim an der Ruhr, Stadt;123207;77168;572;76596;18298;17594;16230;7396;0;3243;5832;1880;465;1330;299;508;437;521;196;111;202;172;47;194;146;102;287;106;73;120;84;84;84;56;53;40;54;104;33;37;35;71;48;13;11
NW;05119;Oberhausen, Stadt;150624;82902;851;82051;18091;15337;20422;10010;0;4109;4336;2202;457;1752;299;651;431;735;189;235;227;239;51;242;206;137;408;119;49;112;126;132;53;52;42;45;83;202;52;58;25;70;43;12;10
NW;05120;Remscheid, Stadt;77129;43470;455;43015;11733;9224;8290;4254;0;1910;2932;1020;244;748;226;273;189;343;67;60;101;98;22;91;95;53;353;65;59;71;87;55;37;39;13;43;41;41;21;37;31;15;19;9;6
NW;05122;Solingen, Klingenstadt;112713;64681;496;64185;16506;15870;11310;5869;0;3090;4623;1547;380;1093;322;421;375;525;140;75;186;149;27;129;109;67;459;78;61;137;83;61;51;42;35;40;58;73;38;38;27;51;21;7;12
NW;05124;Wuppertal, Stadt;238998;140535;1050;139485;31132;35420;25947;13628;0;8565;8718;4182;805;2489;648;778;864;1032;572;273;369;300;89;271;271;195;697;217;178;291;189;180;119;114;112;93;133;96;104;116;81;109;77;15;16
NW;05154;Kleve;227070;136898;1125;135773;48747;29494;23140;8693;0;4398;9643;2308;732;2026;622;936;881;802;207;177;285;289;73;227;256;169;40;166;88;202;177;165;99;85;68;80;118;101;63;66;23;32;64;20;11
NW;05158;Mettmann;367255;234389;1810;232579;67116;54144;40333;20603;0;8214;18496;4623;1436;3919;1065;1589;1456;1783;589;322;661;499;172;602;522;287;893;322;251;337;347;304;263;140;124;171;163;202;151;129;65;100;121;35;30
NW;05162;Rhein-Kreis Neuss;334970;211310;1588;209722;68001;45451;34152;16801;0;6704;18190;4091;1273;3240;977;1474;1430;1433;498;294;622;465;185;481;388;289;667;272;119;361;245;273;219;111;116;130;185;147;99;86;50;50;108;25;20
NW;05166;Viersen;228023;141515;1125;140390;45987;33174;22425;9873;0;4794;11048;2645;942;2354;495;987;739;911;288;222;355;302;79;314;310;161;223;197;132;185;189;154;112;88;63;107;123;133;66;53;35;22;69;21;13
NW;05170;Wesel;356669;218516;1807;216709;59081;44847;48737;19658;0;9330;14243;4499;1271;3652;681;1713;1013;1337;332;333;515;554;127;553;507;329;615;338;168;275;315;255;172;127;104;143;162;175;129;117;43;128;79;25;27
NW;05314;Bonn, Stadt;228055;158398;748;157650;36302;50340;24318;9418;0;7674;11084;4955;765;1707;1035;467;2859;1171;1054;92;210;155;99;154;158;107;1234;125;176;419;119;180;297;143;213;64;77;85;70;48;65;69;114;17;11
NW;05315;Köln, Stadt;740448;478587;2527;476060;94223;156515;80808;29372;0;29156;29704;16016;2213;6244;2247;1744;7624;3570;3430;370;884;655;241;906;730;516;2115;516;324;992;519;506;498;431;725;313;338;347;223;112;180;354;297;47;55
NW;05316;Leverkusen, Stadt;116207;69726;580;69146;18053;15693;13790;6510;0;2952;4613;1748;419;1048;313;453;529;553;190;103;197;143;51;222;153;130;272;94;35;135;109;74;72;48;38;67;70;55;56;29;12;62;39;9;7
NW;05334;Städteregion Aachen;405298;249038;1758;247280;66034;60880;49126;17064;0;10988;14901;6785;1068;3323;2261;1151;4205;2236;1146;294;543;451;123;369;325;227;670;243;142;681;263;255;201;157;173;147;149;155;120;101;60;74;141;21;27
NW;05358;Düren;199697;120531;1259;119272;38646;20431;23922;11541;0;4248;8474;2013;747;2210;513;1043;670;860;219;243;405;318;96;351;258;196;186;189;113;165;258;157;104;81;36;60;135;109;77;62;40;20;49;23;4
NW;05362;Rhein-Erft-Kreis;346326;220996;1807;219189;62997;46003;43715;20340;0;7561;16994;4307;1481;3504;768;1516;1459;1612;537;339;525;546;156;614;457;298;662;288;120;349;354;243;226;127;94;154;197;145;123;142;40;50;94;37;15
NW;05366;Euskirchen;151478;92833;889;91944;31063;16910;15099;8877;0;3101;7807;1715;632;1668;438;752;424;589;184;137;286;269;56;240;196;152;56;147;94;119;168;115;98;71;41;67;107;88;49;44;14;12;38;14;7
NW;05370;Heinsberg;191077;112550;1176;111374;39869;21245;18552;9358;0;4098;7147;1946;1080;2015;437;890;642;697;162;302;321;315;73;372;225;129;148;180;56;128;166;139;63;70;50;72;106;92;58;62;12;18;52;15;12
NW;05374;Oberbergischer Kreis;207897;126841;1184;125657;39855;26072;22044;11601;0;4505;8786;2305;785;1995;873;1144;659;826;237;162;341;273;85;283;247;154;216;155;624;180;208;102;108;102;62;102;138;109;89;88;21;36;47;25;13
NW;05378;Rheinisch-Bergischer Kreis;218103;148330;866;147464;44232;38570;24012;10646;0;5015;11647;2674;1157;2137;726;819;1033;834;422;113;330;272;98;274;240;173;217;182;181;224;205;111;187;87;62;101;101;98;79;44;30;34;75;9;13
NW;05382;Rhein-Sieg-Kreis;455483;300253;2237;298016;89675;72121;48389;24211;0;10666;22440;6262;1970;4846;1654;1864;2142;2200;818;377;689;607;207;634;579;355;666;395;459;504;857;281;429;200;168;227;227;261;159;121;62;72;167;36;19
NW;05512;Bottrop, Stadt;87999;52298;495;51803;12582;8968;12867;6387;0;2138;3021;1131;262;958;652;379;228;373;85;97;168;132;27;102;116;87;188;60;17;69;65;64;34;24;18;45;43;33;34;36;232;52;21;3;5
NW;05513;Gelsenkirchen, Stadt;172667;88496;853;87643;17200;13697;22497;14398;0;4025;4573;2306;696;2215;251;691;349;566;103;278;287;254;62;252;215;152;1006;162;73;143;130;115;65;73;50;85;76;60;61;110;52;261;29;23;2
NW;05515;Münster, Stadt;234502;172718;653;172065;41991;62955;24719;6883;0;8565;9791;5537;734;1550;1628;488;2360;1065;833;61;151;170;64;180;159;117;197;137;120;385;80;130;149;97;225;77;79;65;60;27;69;47;95;19;6
NW;05554;Borken;278982;181446;997;180449;74957;37233;29102;9778;0;4563;12301;2665;1074;1762;628;1316;703;959;259;177;275;220;81;278;252;196;101;155;97;220;170;155;86;47;58;106;106;89;93;28;41;18;74;20;6
NW;05558;Coesfeld;173128;120049;643;119406;45667;28810;18389;6513;0;3401;7871;1910;572;1206;425;1183;527;648;182;129;148;165;60;151;179;142;48;111;43;137;105;128;76;41;43;73;77;64;34;49;12;25;32;24;6
NW;05562;Recklinghausen;469806;274015;2259;271756;69705;50554;64106;31144;0;10973;15959;6106;1572;5283;916;2501;1152;1926;495;485;725;791;178;737;692;436;1348;460;197;427;453;363;194;175;127;199;227;218;183;228;105;224;120;44;28
NW;05566;Steinfurt;340622;221206;1366;219840;75685;51259;43335;12331;0;7499;13251;3886;1222;2374;829;1455;928;1282;303;263;415;233;99;343;305;201;286;154;95;269;228;205;113;116;95;88;140;141;112;99;33;37;71;33;27
NW;05570;Warendorf;209212;135952;923;135029;48014;29822;23999;9035;0;4323;9035;2396;935;1527;489;988;513;819;200;145;198;229;78;204;207;161;308;151;135;163;134;138;92;74;54;70;107;64;62;46;22;17;51;14;10
NW;05711;Bielefeld, Stadt;237243;151344;1114;150230;32604;42289;28265;11498;0;9850;8251;4827;880;2135;793;812;1175;1195;643;172;220;212;89;260;242;184;971;174;522;331;170;147;139;131;277;101;134;99;83;99;82;74;61;21;18
NW;05754;Gütersloh;263291;164120;1124;162996;52419;39536;27534;12505;0;5613;10355;2914;1471;2186;854;1279;760;1014;249;215;305;277;108;289;262;208;427;181;392;206;177;178;144;109;90;132;137;139;82;84;31;25;74;21;14
NW;05758;Herford;191048;113252;865;112387;29137;24222;25721;11158;0;4512;6463;2067;1428;1834;372;829;481;722;169;153;234;224;64;204;206;132;299;157;449;132;151;126;80;67;72;82;107;82;56;74;34;43;24;17;3
NW;05762;Höxter;111469;69376;603;68773;27446;11659;11333;5650;0;2174;4449;1165;488;836;493;641;245;437;73;119;117;131;53;125;116;84;100;59;119;82;84;81;58;35;27;35;82;39;24;39;16;7;32;14;6
NW;05766;Lippe;267750;164091;1464;162627;41966;34841;35954;15680;0;6171;10678;3314;1922;2396;773;1290;692;1084;278;223;351;296;100;305;309;224;428;229;1456;223;212;186;145;100;100;128;150;123;81;77;31;33;44;27;7
NW;05770;Minden-Lübbecke;240181;141876;1074;140802;38637;28989;33064;12816;0;5066;8706;2879;1124;1937;583;1005;617;939;231;221;229;276;53;242;263;183;225;175;877;207;193;126;176;107;69;84;117;88;60;79;44;22;53;23;17
NW;05774;Paderborn;230946;139286;994;138292;49607;31362;19044;11131;0;4946;9196;3170;870;1662;641;1030;731;945;315;158;235;198;88;207;210;155;313;145;398;313;179;175;123;81;84;74;157;96;65;51;30;20;60;20;7
NW;05911;Bochum, Stadt;271416;165855;1364;164491;32600;40110;37844;15598;0;9336;9186;5341;962;2751;710;1038;1180;1273;590;328;443;401;96;381;312;269;731;221;183;421;242;273;136;144;172;153;150;144;86;215;78;220;109;25;39
NW;05913;Dortmund, Stadt;412595;241207;1679;239528;46156;59764;54803;22013;0;13420;14207;7752;1400;3975;1097;1440;1621;2218;860;441;648;513;119;622;525;321;1340;367;146;481;354;313;174;243;262;200;211;192;186;633;162;180;128;19;22
NW;05914;Hagen, Stadt der FernUniversität;130560;72691;641;72050;17401;13200;16076;9077;0;3151;4644;1610;542;1419;348;561;316;537;174;170;162;212;64;196;189;124;736;119;95;102;107;93;69;44;48;54;81;58;40;62;30;83;32;17;7
NW;05915;Hamm, Stadt;125696;72575;601;71974;19513;13850;16598;7847;0;2960;4182;1403;488;1140;250;465;321;579;106;148;193;160;40;131;127;88;468;95;46;91;111;79;61;39;37;47;47;41;39;108;19;17;20;13;7
NW;05916;Herne, Stadt;110657;59376;647;58729;11770;10264;15717;7776;0;2971;2991;1422;333;1188;166;476;266;590;121;141;196;185;29;182;159;101;663;108;81;126;90;108;42;45;36;42;58;60;38;40;23;80;26;12;7
NW;05954;Ennepe-Ruhr-Kreis;251943;156316;1202;155114;35800;36561;35666;14231;0;6316;10042;3819;832;2831;717;1058;700;1530;417;249;352;357;91;329;339;202;411;213;245;211;180;186;95;124;126;96;146;121;104;79;78;134;77;36;13
NW;05958;Hochsauerlandkreis;201504;125070;808;124262;51683;19880;21337;9206;0;3535;8422;2252;1035;1507;494;915;508;651;141;174;234;221;66;215;181;170;113;137;87;141;173;136;97;50;36;65;102;97;41;42;14;25;42;31;6
NW;05962;Märkischer Kreis;302136;170134;1480;168654;52808;30402;32827;16988;0;6262;11983;3092;1240;2934;980;1369;692;1121;312;346;489;349;122;395;398;253;605;252;541;228;304;209;156;97;84;114;134;155;98;78;59;71;58;35;14
NW;05966;Olpe;102295;64922;454;64468;29663;9457;9958;4728;0;1617;4390;996;391;728;229;440;196;300;72;72;95;82;50;77;95;77;55;67;46;57;74;70;65;26;11;43;33;45;26;26;19;17;17;47;11
NW;05970;Siegen-Wittgenstein;211301;130012;983;129029;37646;22787;26496;13427;0;5703;8638;3107;911;1949;1561;1012;517;805;281;206;235;250;143;264;253;158;324;170;594;238;217;143;157;68;111;102;120;96;65;64;44;29;54;62;22
NW;05974;Soest;232462;140546;875;139671;46716;29429;25043;11331;0;5003;9811;2763;856;1915;589;1066;576;845;267;184;278;238;63;231;270;197;122;178;192;190;185;168;122;87;88;97;126;124;87;77;54;23;46;21;13
NW;05978;Unna;304843;181778;1557;180221;43125;37618;45595;17690;0;7407;10643;3625;1354;2969;646;1491;796;1341;276;351;514;430;107;438;431;316;603;267;132;276;300;187;121;111;72;148;137;134;117;190;56;75;71;25;36
HE;06411;Darmstadt, Wissenschaftsstadt;107437;71045;410;70635;11506;23761;10721;4569;0;5030;3997;3656;528;871;940;189;1145;850;580;33;118;83;38;102;74;80;319;63;165;348;59;84;97;90;124;46;46;60;41;19;36;61;77;16;13
HE;06412;Frankfurt am Main, Stadt;429856;258304;1371;256933;50517;80382;38729;17316;0;16790;19895;9151;2455;2902;1318;622;3883;1970;2335;248;379;323;185;451;311;308;1719;241;293;570;230;326;396;309;1084;233;148;146;119;81;191;118;181;31;47
HE;06413;Offenbach am Main, Stadt;67788;34927;320;34607;7050;8937;5629;3500;0;2520;1916;1213;478;529;189;121;389;392;272;49;73;62;33;63;65;54;339;46;46;74;56;63;43;51;116;23;21;98;16;19;20;6;16;12;8
HE;06414;Wiesbaden, Landeshauptstadt;188034;111027;975;110052;27077;27906;19995;9667;0;5267;7596;3129;1408;1371;614;315;1213;661;528;99;225;199;96;152;141;106;530;110;186;291;116;127;161;116;145;58;85;79;56;36;41;48;67;19;16
HE;06431;Bergstraße;198695;120229;1364;118865;33924;25914;20550;13356;0;3949;8104;2345;1886;2201;713;684;609;725;319;260;340;312;119;201;212;172;97;212;262;191;250;121;129;101;44;101;107;111;49;52;32;26;39;29;17
HE;06432;Darmstadt-Dieburg;215429;136397;1647;134750;32986;32722;26378;12508;0;5527;8316;3299;1858;2347;1155;746;854;1080;427;213;397;286;141;278;260;249;258;217;422;257;293;186;167;114;119;101;99;120;57;62;117;47;52;19;16
HE;06433;Groß-Gerau;176014;100854;1180;99674;23762;22748;19965;10435;0;4544;5332;2305;2066;1758;544;589;577;734;318;145;310;239;98;248;232;162;862;152;124;213;212;150;120;87;66;84;95;80;51;56;58;76;42;23;12
HE;06434;Hochtaunuskreis;164348;107046;636;106410;32197;27258;14311;9165;0;3215;9939;2170;1219;1368;558;377;909;597;320;128;221;140;140;165;137;117;111;110;162;189;132;102;308;83;96;95;68;81;58;34;35;16;52;18;9
HE;06435;Main-Kinzig-Kreis;299123;168204;1925;166279;43758;34729;29727;20729;0;6203;10275;3758;3174;3048;1319;962;884;1143;468;462;487;459;226;353;340;311;484;302;229;290;370;223;257;146;141;181;176;178;90;101;96;51;81;38;30
HE;06436;Main-Taunus-Kreis;165816;106307;826;105481;31652;26299;15227;9479;0;3408;8485;2199;1641;1420;616;455;864;582;332;115;236;179;112;188;167;99;301;100;113;195;120;126;213;80;63;83;74;66;44;23;28;17;49;20;11
HE;06437;Odenwaldkreis;70869;39925;598;39327;10485;6970;8636;4560;0;1717;2536;773;540;712;251;249;211;203;105;82;107;101;44;75;64;81;56;82;111;48;97;52;47;32;35;62;45;30;15;28;27;13;25;11;9
HE;06438;Offenbach;238715;142756;1431;141325;39264;34684;21128;14225;0;5217;10089;3224;2725;2206;940;711;891;947;436;196;333;299;202;276;250;225;559;236;159;224;260;158;221;103;115;132;116;229;91;76;47;28;51;37;15
HE;06439;Rheingau-Taunus-Kreis;138642;89677;930;88747;26210;20487;15184;8663;0;2926;6245;1868;1308;1360;426;419;579;524;222;103;237;173;103;161;104;102;70;91;135;175;103;105;120;73;62;72;77;61;45;30;23;16;31;44;10
HE;06440;Wetteraukreis;225720;131970;1423;130547;35201;30002;22655;13745;0;4621;8570;2988;2779;2190;822;671;743;876;386;631;356;294;122;234;199;215;183;225;202;202;259;143;172;108;111;113;145;109;59;63;45;17;45;29;17
HE;06531;Gießen;200804;115449;1061;114388;26628;28522;21074;11064;0;5780;6068;3910;2665;1689;1071;442;778;673;482;231;260;199;66;159;136;170;167;143;310;340;180;143;154;97;128;107;77;90;72;53;103;63;50;23;21
HE;06532;Lahn-Dill-Kreis;189854;99745;1108;98637;28512;17594;19965;11847;0;3400;5420;2329;2062;1500;969;547;424;513;202;343;245;228;118;157;144;135;215;170;486;128;179;118;105;66;45;94;57;67;56;56;49;31;26;24;11
HE;06533;Limburg-Weilburg;128963;71311;781;70530;22646;12937;13003;7821;0;2140;4514;1385;1430;1233;302;378;309;319;114;139;179;146;56;144;96;134;78;90;110;91;93;75;86;55;54;53;45;57;32;43;31;14;29;59;10
HE;06534;Marburg-Biedenkopf;183183;104228;689;103539;25203;24425;20696;9621;0;6119;5267;2998;1365;1484;956;487;809;634;515;142;193;132;110;125;137;114;119;115;271;292;138;117;115;105;244;115;58;71;32;54;60;26;37;18;20
HE;06535;Vogelsbergkreis;84549;47658;647;47011;13725;7797;9893;5823;0;1658;2904;805;1182;690;399;261;142;193;72;166;141;101;51;76;65;84;19;83;83;44;92;70;51;48;43;53;48;49;16;22;12;9;7;26;8
HE;06611;Kassel, documenta-Stadt;140438;77652;663;76989;13392;23726;14867;5747;0;6189;3523;2773;821;1046;616;248;643;651;459;90;157;123;40;102;116;77;188;86;139;165;88;79;87;159;135;83;62;69;33;36;55;68;31;9;11
HE;06631;Fulda;169880;97074;1004;96070;36798;16882;10911;12312;0;2896;6246;2045;1620;1208;853;589;405;459;174;238;216;171;131;155;138;153;48;117;227;139;166;121;105;71;57;87;69;79;44;40;19;10;38;22;11
HE;06632;Hersfeld-Rotenburg;93123;51375;671;50704;13211;7649;13717;6717;0;1786;2670;816;959;666;253;285;150;249;66;194;156;124;51;76;76;77;25;82;182;34;78;53;47;38;14;40;44;24;29;28;7;8;8;10;5
HE;06633;Kassel;188527;106538;1478;105060;24050;21314;30061;10021;0;4214;5346;1812;1732;1586;376;568;418;563;186;148;310;236;64;187;165;148;78;166;131;118;189;108;116;93;64;93;83;85;59;39;17;46;31;21;18
HE;06634;Schwalm-Eder-Kreis;142375;79752;1114;78638;18398;14746;20751;8703;0;2550;4574;1490;2511;1182;268;440;252;427;105;182;225;181;61;117;118;146;36;104;171;83;152;96;75;64;34;64;79;52;33;72;29;14;26;10;17
HE;06635;Waldeck-Frankenberg;122990;64235;627;63608;18496;12282;13981;6481;0;2063;4287;1031;1188;898;266;348;199;293;114;130;156;113;52;87;95;91;30;104;124;80;117;86;65;49;36;51;53;44;23;27;29;10;11;11;7
HE;06636;Werra-Meißner-Kreis;80896;45003;656;44347;11238;7787;11663;4720;0;1853;2272;800;1241;635;240;217;155;173;116;77;116;96;29;49;46;70;11;70;55;50;81;66;48;59;72;38;47;32;40;12;29;13;7;11;13
RP;07111;Koblenz, Stadt;83969;51017;542;50475;14599;12104;9024;3736;0;1997;2842;1793;1261;535;295;195;417;356;185;35;79;76;50;71;29;41;31;81;52;112;46;69;64;37;55;39;34;36;22;11;7;11;29;7;12
RP;07131;Ahrweiler;101203;66724;883;65841;24456;11930;10771;5224;0;1709;4508;1160;1885;889;428;343;341;350;130;109;150;156;98;119;79;71;89;107;52;78;91;80;92;57;36;37;40;50;28;43;13;8;17;10;7
RP;07132;Altenkirchen (Westerwald);100084;60892;954;59938;21118;8148;13102;5820;0;1853;3693;924;1310;863;335;448;168;286;95;100;183;136;68;89;81;54;39;95;259;69;138;47;70;53;34;43;47;35;28;18;21;17;24;18;9
RP;07133;Bad Kreuznach;120062;76655;1389;75266;22504;11872;17855;7705;0;2336;4827;1185;1823;1224;417;510;329;410;137;102;223;199;91;118;98;110;83;130;118;92;127;82;81;80;50;61;65;64;37;36;24;9;19;23;10
RP;07134;Birkenfeld;63925;37437;846;36591;11168;4237;9765;3964;0;1169;2421;579;745;602;157;285;120;216;49;73;140;97;48;76;59;68;7;76;37;35;81;46;42;22;25;34;47;20;22;15;10;5;8;10;11
RP;07135;Cochem-Zell;48692;33505;784;32721;13925;4131;6153;2504;0;717;2108;516;769;435;146;223;122;154;32;47;73;63;34;53;29;46;7;62;44;28;49;40;36;26;16;28;27;21;14;16;7;4;12;1;3
RP;07137;Mayen-Koblenz;166494;103595;1666;101929;36737;16503;20891;8675;0;2578;5955;2035;2598;1400;441;554;414;587;156;124;218;214;102;160;103;95;66;187;149;101;165;110;108;59;53;68;79;71;49;43;15;9;33;15;9
RP;07138;Neuwied;138233;85529;1172;84357;27819;14067;17879;7703;0;2604;5113;1527;2054;1302;329;519;402;448;148;119;225;221;93;156;116;108;80;156;250;106;157;95;72;80;39;63;66;81;48;37;13;9;24;25;4
RP;07140;Rhein-Hunsrück-Kreis;80638;54996;1040;53956;18684;7526;11858;4763;0;1553;3751;909;1475;804;342;294;196;306;83;70;133;122;36;113;71;75;31;106;100;70;72;70;47;46;19;58;52;27;27;23;9;9;14;9;3
RP;07141;Rhein-Lahn-Kreis;94896;62471;1132;61339;17516;9513;15515;5778;0;1792;3608;1301;2249;1008;226;445;221;332;118;113;179;160;80;96;82;94;33;124;65;75;97;69;64;52;34;57;53;60;30;35;17;11;19;13;5
RP;07143;Westerwaldkreis;154465;100878;1719;99159;36475;14422;18474;9443;0;2837;6458;1770;2899;1540;434;636;353;525;139;166;296;255;107;161;123;122;118;185;201;101;157;120;102;83;46;68;82;75;35;38;17;16;37;39;4
RP;07211;Trier, Stadt;80431;48513;495;48018;11402;12327;10828;3223;0;2432;2416;1756;517;590;325;143;386;319;229;48;79;75;24;60;40;37;30;74;38;155;60;51;53;45;51;31;31;26;21;15;36;11;25;1;8
RP;07231;Bernkastel-Wittlich;86098;56022;1166;54856;20367;7377;11559;4197;0;1522;3691;837;1741;785;449;374;171;236;78;76;165;144;42;100;66;82;75;97;40;48;124;78;43;42;21;38;66;33;17;25;10;7;15;15;3
RP;07232;Eifelkreis Bitburg-Prüm;72189;50043;1222;48821;18773;6823;10433;3355;0;1252;2872;642;1767;714;284;318;164;195;51;62;135;119;39;74;60;83;12;85;43;39;94;55;41;26;21;47;41;31;14;14;8;7;9;9;10
RP;07233;Vulkaneifel;47996;30759;673;30086;12511;3897;5869;2180;0;862;1895;453;658;431;185;185;108;128;32;36;92;77;19;44;30;47;8;52;18;20;46;23;22;25;12;27;27;23;13;11;6;3;3;6;2
RP;07235;Trier-Saarburg;112648;79057;1456;77601;26435;11493;20642;5364;0;2158;3493;1168;2566;1019;277;410;252;345;98;112;186;186;66;130;77;110;31;154;56;80;122;76;73;62;41;69;66;39;36;34;27;9;20;13;6
RP;07311;Frankenthal (Pfalz), Stadt;33348;19034;339;18695;5987;2862;3656;2532;0;660;990;317;458;252;59;128;88;112;27;35;47;36;22;26;16;19;53;35;57;26;34;30;21;19;12;9;14;11;8;7;4;5;7;12;2
RP;07312;Kaiserslautern, Stadt;71365;38987;556;38431;8614;7567;8256;4622;0;1671;2148;1420;896;637;206;228;334;408;132;77;124;91;42;71;50;71;27;72;64;129;66;57;45;39;31;35;22;46;18;30;12;7;9;49;8
RP;07313;Landau in der Pfalz, Stadt;36257;24124;268;23856;6078;6626;4126;1881;0;993;1098;790;537;355;143;125;192;120;94;31;59;58;18;29;42;35;16;43;56;52;36;33;30;24;15;36;22;11;6;5;18;5;8;9;1
RP;07314;Ludwigshafen am Rhein, Stadt;102451;55399;1145;54254;12921;8989;12702;7684;0;2151;2730;1212;1176;868;208;314;322;446;134;158;131;154;52;115;97;80;597;102;92;86;104;71;123;59;34;63;46;42;33;36;12;34;15;37;24
RP;07315;Mainz, Stadt;150251;102415;898;101517;23371;29557;18047;5966;0;4528;5429;3993;1061;995;2019;273;1924;1072;645;48;134;126;82;124;74;89;485;94;94;365;80;100;100;105;128;59;44;56;50;26;44;35;74;13;8
RP;07316;Neustadt an der Weinstraße, Stadt;40621;26537;318;26219;7822;5350;4433;2611;0;665;1555;536;1509;269;159;141;193;147;60;38;67;65;22;42;31;31;14;50;85;35;34;23;44;33;23;23;26;16;12;13;9;2;13;15;3
RP;07317;Pirmasens, Stadt;30963;15433;375;15058;4945;1414;3352;2245;0;517;779;403;293;279;46;84;29;94;15;119;51;80;22;32;17;31;5;39;19;21;29;14;18;7;5;11;17;8;3;2;1;3;2;3;4
RP;07318;Speyer, Stadt;36237;21948;274;21674;5842;4784;4532;2278;0;802;1039;516;312;326;130;113;162;109;57;22;55;53;19;49;37;33;12;43;69;34;18;37;30;30;25;16;24;14;11;18;5;3;9;6;0
RP;07319;Worms, Stadt;58080;32205;544;31661;8878;5302;7316;3942;0;890;1611;681;767;507;140;183;198;188;69;63;84;78;41;51;44;53;41;80;42;55;64;49;40;37;19;36;34;22;10;19;8;6;6;6;1
RP;07320;Zweibrücken, Stadt;25997;13706;230;13476;3599;1864;3533;1583;0;541;627;327;368;259;80;85;70;97;20;35;47;45;14;21;24;20;3;37;10;22;26;16;10;18;7;7;25;5;6;13;3;1;4;2;2
RP;07331;Alzey-Worms;98159;66606;1238;65368;17458;9925;15784;8168;0;1679;4101;1112;2114;1069;399;484;303;416;135;190;234;223;91;108;79;136;60;144;133;84;139;93;82;59;42;46;74;46;28;51;16;13;25;21;4
RP;07332;Bad Dürkheim;104795;73282;1087;72195;21501;11909;14734;8223;0;1755;4598;1174;3102;1104;310;460;582;368;125;143;236;202;57;121;93;126;88;162;153;110;125;84;97;72;39;60;64;45;29;37;9;10;26;59;3
RP;07333;Donnersbergkreis;58275;38700;755;37945;9733;4925;9652;4742;0;1148;2183;608;1833;730;181;314;126;258;54;150;135;134;62;95;69;67;54;86;68;47;108;73;37;48;33;47;39;29;26;25;2;3;5;12;4
RP;07334;Germersheim;94398;62054;1065;60989;19420;8534;11665;8686;0;1532;3632;1160;1932;1040;361;400;258;320;109;142;187;167;63;82;75;116;129;131;79;90;139;86;69;56;27;72;65;33;26;34;13;18;15;24;2
RP;07335;Kaiserslautern;81200;54712;1293;53419;16430;6370;12224;6906;0;1659;2379;904;2654;1046;176;400;191;319;35;160;175;174;56;107;69;107;13;153;113;62;99;86;41;46;15;55;57;33;15;24;6;6;14;36;4
RP;07336;Kusel;56613;37705;958;36747;9392;4082;10245;4989;0;1287;1606;670;1789;731;120;331;111;187;20;134;128;127;32;70;61;64;6;96;46;37;75;51;26;25;20;30;47;17;19;22;7;9;10;22;6
RP;07337;Südliche Weinstraße;87144;62279;1194;61085;20583;10081;11558;6541;0;1473;3370;999;2341;934;272;395;274;277;112;114;212;188;59;94;91;97;15;132;96;78;131;96;66;62;48;53;68;48;21;28;21;9;20;22;6
RP;07338;Rhein-Pfalz-Kreis;117009;80643;1142;79501;24852;13142;16039;9531;0;1896;4847;1405;2165;1210;350;528;385;432;151;164;254;252;123;160;119;133;107;158;156;106;147;122;101;55;31;64;60;51;40;49;18;16;22;56;4
RP;07339;Mainz-Bingen;158871;112369;1497;110872;32383;22666;23496;9302;0;3258;6796;2390;2588;1601;1202;609;774;753;285;118;299;225;112;161;105;133;115;176;128;190;150;122;127;86;68;88;84;58;45;46;21;18;41;41;12
RP;07340;Südwestpfalz;78708;55974;1495;54479;19172;5385;11215;6785;0;1359;3202;1042;2027;1062;217;495;162;311;72;202;251;226;94;120;88;117;8;141;86;36;116;84;51;39;16;62;83;34;27;41;10;15;11;12;3
BW;08111;Stuttgart, Stadtkreis;380985;255470;2172;253298;60371;71920;34244;18876;0;12906;20739;8190;5623;2561;2749;588;2915;2799;1795;188;417;518;191;231;195;174;1050;271;527;534;223;351;316;300;326;180;104;104;122;79;122;286;140;29;44
BW;08115;Böblingen;262708;173851;2542;171309;53646;37295;22184;17562;0;4509;13519;3082;7806;1666;1774;718;881;1243;526;251;304;315;227;205;199;185;363;195;793;280;193;227;250;137;67;136;53;85;73;82;30;123;73;27;25
BW;08116;Esslingen;365828;242055;3565;238490;71185;55218;32659;22958;0;7093;17211;4514;11074;2693;2422;975;1288;1692;839;281;560;511;315;317;255;269;450;311;839;348;242;329;343;206;116;154;97;117;121;144;42;160;87;37;18
BW;08117;Göppingen;178436;111874;2128;109746;33437;22399;15274;13732;0;2678;7617;1842;5092;1428;935;510;392;823;227;187;315;292;189;152;132;134;322;160;275;105;161;153;151;110;51;74;53;66;57;80;23;49;32;30;7
BW;08118;Ludwigsburg;365970;244616;3596;241020;71214;54317;33204;23909;0;7379;17510;4676;11186;2742;3046;1053;1215;1623;656;314;521;475;290;356;288;260;1020;321;887;303;267;321;331;182;168;157;112;112;119;141;42;133;97;45;28
BW;08119;Rems-Murr-Kreis;297477;193131;2913;190218;57809;37425;25739;21895;0;5405;15925;3516;7258;2445;2654;952;903;1519;584;322;491;483;301;235;251;260;451;326;911;218;262;281;278;146;151;145;95;127;89;134;40;93;55;29;15
BW;08121;Heilbronn, Stadtkreis;77185;42835;636;42199;11262;8676;6926;5495;0;1643;3320;911;1024;378;415;136;252;256;111;82;70;84;54;53;59;52;318;60;85;45;53;58;53;30;22;29;17;25;25;27;14;56;13;5;5
BW;08125;Heilbronn;242435;155172;3401;151771;46334;28157;21795;19561;0;3863;11632;2558;5561;1863;2321;887;703;885;237;487;462;420;222;215;207;232;462;252;655;213;248;227;205;119;61;117;76;103;81;151;32;60;50;46;11
BW;08126;Hohenlohekreis;82480;51822;857;50965;17051;9913;6562;6074;0;1261;4274;741;1405;576;457;362;173;296;93;180;132;144;84;100;65;78;25;74;266;79;62;76;53;39;31;43;37;37;20;46;11;16;19;6;4
BW;08127;Schwäbisch Hall;143275;86854;1594;85260;26184;18248;11966;9753;0;2472;6406;1448;1863;931;1723;525;366;492;145;190;176;217;119;115;108;133;79;156;412;98;108;151;102;74;46;78;63;81;44;72;17;48;17;25;9
BW;08128;Main-Tauber-Kreis;101414;67155;1544;65611;26034;11369;8635;7056;0;1554;3486;970;1840;680;1035;454;242;358;98;139;173;157;110;82;97;98;37;112;131;63;99;109;76;40;21;47;40;42;27;51;7;8;14;13;7
BW;08135;Heidenheim;93726;54670;1144;53526;18605;10740;8335;5471;0;1570;2477;865;1676;572;740;300;204;321;95;101;123;141;82;73;69;58;39;90;160;57;78;72;56;44;28;34;28;33;21;43;61;27;13;19;5
BW;08136;Ostalbkreis;231322;145645;3025;142620;54654;28068;18996;14234;0;4063;7742;2289;3939;1545;878;749;581;851;243;241;324;288;232;203;133;151;212;206;310;152;193;191;164;127;82;84;79;91;63;98;23;68;32;29;12
BW;08211;Baden-Baden, Stadtkreis;38487;23731;328;23403;7488;6027;2884;2235;0;611;1775;346;570;270;112;92;154;108;97;17;51;47;46;27;21;35;19;33;47;38;40;15;52;23;16;24;15;16;14;16;5;2;8;6;1
BW;08212;Karlsruhe, Stadtkreis;209516;135402;1346;134056;28275;42429;18182;10787;0;6760;8352;5445;1560;1694;1111;362;2982;1305;904;99;262;263;84;156;113;124;171;178;510;484;110;148;212;162;172;98;56;81;72;67;33;128;92;15;18
BW;08215;Karlsruhe;323238;209814;4275;205539;67206;42287;28548;23146;0;5241;12965;4197;6988;3103;1232;1104;1207;1219;443;265;562;636;221;303;259;304;291;337;867;368;291;265;403;178;111;195;134;148;113;184;40;66;56;29;27
BW;08216;Rastatt;167254;103779;2644;101135;33912;20869;13855;11743;0;2455;5779;1625;4104;1448;526;555;551;528;214;137;322;293;121;163;138;148;140;206;145;113;168;154;149;66;42;94;51;63;54;104;21;32;30;10;7
BW;08221;Heidelberg, Stadtkreis;100384;70400;535;69865;13007;25322;10378;4303;0;3789;4298;2305;555;573;613;129;2027;401;644;35;93;89;36;42;36;42;57;65;123;249;41;72;81;72;110;43;26;39;29;12;30;44;41;9;5
BW;08222;Mannheim, Stadtkreis;199916;116585;1484;115101;24961;30064;20939;12287;0;5353;7261;3869;1596;1656;578;421;1204;752;542;216;335;292;112;150;131;123;478;156;172;237;129;149;151;105;118;81;48;77;53;61;68;76;54;32;14
BW;08225;Neckar-Odenwald-Kreis;108354;68991;1675;67316;25669;10523;9902;7940;0;1602;3726;891;2652;807;511;458;278;320;86;176;173;210;86;81;87;114;52;116;166;63;98;90;72;49;25;66;42;43;27;43;15;20;18;14;5
BW;08226;Rhein-Neckar-Kreis;399897;263457;5367;258090;74431;58990;40809;27721;0;7952;16599;5334;8592;3631;1424;1317;1705;1515;605;578;737;699;260;348;346;291;345;433;678;394;330;293;330;192;129;228;136;162;115;147;71;48;89;58;28
BW;08231;Pforzheim, Stadtkreis;75907;40419;793;39626;10662;6984;5517;6995;0;1433;3013;785;874;797;256;237;266;259;124;58;122;130;84;66;48;62;58;61;154;71;76;69;79;37;26;42;29;27;22;48;6;24;13;7;5
BW;08235;Calw;112394;71274;1213;70061;24496;12379;8212;9387;0;1711;5086;1001;2187;980;585;461;308;344;157;132;178;197;120;140;104;116;90;156;655;67;131;124;98;65;36;57;52;61;39;58;23;28;13;21;6
BW;08236;Enzkreis;143293;94043;1604;92439;27583;18353;12789;11985;0;2035;7260;1543;2919;1983;690;513;508;483;185;185;327;334;146;151;167;148;84;190;760;96;119;143;179;103;34;79;55;55;63;99;13;21;28;19;12
BW;08237;Freudenstadt;86400;53081;1045;52036;18717;8900;5904;6600;0;1205;4775;647;1327;709;452;327;197;288;93;103;137;148;89;83;67;92;48;106;391;53;81;130;62;41;28;52;32;34;35;29;8;14;14;13;5
BW;08311;Freiburg im Breisgau, Stadtkreis;157789;106346;946;105400;17119;40624;14631;5586;0;6992;4570;3971;1334;1391;1515;252;1450;628;2279;86;195;184;66;104;91;85;55;128;225;267;90;200;159;229;316;104;42;100;75;43;39;66;77;16;16
BW;08315;Breisgau-Hochschwarzwald;193103;130008;2824;127184;39442;34990;17102;9638;0;3558;7701;2136;3210;1985;1192;676;659;602;608;131;338;306;151;204;129;144;66;249;378;131;210;187;192;172;109;117;79;102;74;71;24;36;53;20;12
BW;08316;Emmendingen;123701;81001;1839;79162;23443;20137;11928;6466;0;2209;4668;1453;2319;1291;1377;382;340;566;260;74;239;241;98;109;111;105;39;135;165;103;123;118;111;101;49;97;52;80;36;64;12;15;29;11;6
BW;08317;Ortenaukreis;317094;192979;4389;188590;64859;42851;24592;18858;0;4346;10226;2785;7411;2594;1293;1056;861;968;350;234;586;574;228;286;231;288;111;391;444;213;324;301;281;172;112;174;112;114;97;111;30;24;62;24;16
BW;08325;Rottweil;102914;63538;1374;62164;23180;10693;6914;7203;0;1260;4739;812;1948;773;1663;432;250;279;125;106;173;169;95;95;87;96;48;123;182;66;136;100;88;32;25;60;52;34;36;48;7;7;15;10;3
BW;08326;Schwarzwald-Baar-Kreis;149042;87251;1829;85422;31216;17958;9878;8413;0;1963;6123;1209;2770;1011;598;452;399;447;161;249;195;226;142;128;107;108;80;208;290;120;150;119;139;90;49;78;52;55;54;64;16;32;32;30;11
BW;08327;Tuttlingen;95213;57744;1459;56285;21370;10297;5827;6124;0;1247;4532;830;1703;782;425;341;250;303;107;138;166;163;83;85;72;93;120;321;219;58;110;86;80;44;22;48;56;49;32;44;8;12;19;13;6
BW;08335;Konstanz;205147;129936;2207;127729;37503;36213;15082;10243;0;4362;8550;2865;3729;1574;1060;568;1006;714;479;141;290;283;174;166;157;129;89;217;340;203;226;194;248;168;107;119;71;102;97;92;26;20;64;45;13
BW;08336;Lörrach;161560;97521;1840;95681;26540;24392;14931;8632;0;3045;6051;1598;3381;1274;625;477;496;682;300;138;295;274;116;177;110;111;73;202;414;130;226;143;149;131;69;113;54;70;67;68;13;63;18;24;9
BW;08337;Waldshut;119122;73466;1431;72035;25704;16563;8863;6486;0;1746;4228;929;2776;858;538;374;321;356;155;95;177;209;92;114;79;106;74;132;223;65;159;114;83;65;38;80;36;45;36;38;21;14;26;12;5
BW;08415;Reutlingen;200184;124190;1742;122448;37282;27491;15557;13140;0;3697;12041;1929;3072;1308;949;619;589;706;294;164;292;235;180;144;126;130;166;184;617;209;181;141;254;110;70;103;65;71;79;68;33;58;51;36;7
BW;08416;Tübingen;161993;113120;1230;111890;27294;35359;15040;8199;0;5937;6603;2929;1836;1252;1289;404;1048;750;761;109;193;195;101;95;101;96;116;122;519;271;117;137;215;127;155;73;52;53;54;73;56;71;64;12;12
BW;08417;Zollernalbkreis;138389;82245;1733;80512;28629;14378;9262;10153;0;2017;6408;1190;2519;1074;537;550;334;428;105;153;237;339;147;115;144;135;109;156;273;117;129;127;127;80;49;86;64;60;42;70;14;104;26;16;9
BW;08421;Ulm, Stadtkreis;83482;53462;513;52949;13361;16260;7491;3798;0;1879;3259;1561;1034;614;646;191;434;610;260;56;98;73;94;73;70;66;79;77;113;147;60;61;87;67;41;51;23;39;35;25;23;60;20;8;5
BW;08425;Alb-Donau-Kreis;140125;93883;1720;92163;36102;18797;10051;9144;0;1772;5426;1254;3101;1022;935;627;343;517;164;207;198;239;157;136;138;127;103;130;383;129;148;151;122;72;41;84;51;59;64;53;9;38;36;22;11
BW;08426;Biberach;146207;94008;1817;92191;37237;18930;8218;8583;0;1761;5442;1234;2985;989;2056;652;392;574;150;167;217;202;192;158;161;135;72;150;273;101;158;304;111;90;54;110;66;55;56;67;10;14;35;25;5
BW;08435;Bodenseekreis;158275;105627;1538;104089;34247;26805;11613;8966;0;2735;7115;1696;3444;1132;1397;475;730;504;284;113;229;247;166;148;114;114;84;178;249;128;151;149;172;147;70;127;53;95;51;53;17;33;37;15;6
BW;08436;Ravensburg;208837;133795;1981;131814;46741;33803;12389;9979;0;3360;7429;2143;4907;1451;3570;757;741;635;296;150;253;243;214;163;133;134;138;178;352;153;191;188;163;154;88;248;70;107;94;73;18;41;44;14;9
BW;08437;Sigmaringen;96823;61177;1304;59873;24500;12283;5287;6120;0;1190;3654;725;2122;757;468;367;217;297;98;114;166;160;85;87;77;75;70;111;123;85;94;83;73;53;30;65;35;44;38;59;12;10;10;18;11
BY;09161;Ingolstadt, Stadt;91126;48289;173;48116;0;9086;4212;5198;18180;1369;2170;1181;1959;480;1763;146;320;375;152;57;62;74;398;51;69;67;84;52;67;142;48;59;61;22;26;39;21;39;24;15;5;9;21;9;4
BY;09162;München, Landeshauptstadt;928090;607234;952;606282;0;189175;69403;36282;163350;19207;32118;16135;14721;6357;21945;1109;13134;3763;4320;368;762;617;2992;688;506;485;948;621;458;1361;323;639;926;534;688;392;272;369;292;156;230;171;346;67;52
BY;09163;Rosenheim, Stadt;41410;23722;65;23657;0;5184;2227;2241;8480;575;882;570;930;294;813;93;175;142;81;17;41;51;367;32;31;29;31;57;31;53;19;32;19;21;21;15;16;20;14;11;10;2;19;10;1
BY;09171;Altötting;82914;46301;114;46187;0;6449;3589;4051;22900;859;1151;848;2284;542;1323;174;165;180;78;67;85;69;603;60;62;44;21;69;36;32;69;30;90;31;32;34;34;34;22;25;4;6;15;16;4
BY;09172;Berchtesgadener Land;75243;43460;152;43308;0;7178;3179;3802;20329;848;1104;617;2326;526;1180;138;152;143;114;63;79;65;747;53;53;54;8;63;89;49;34;28;70;29;25;34;23;28;20;20;12;3;11;7;5
BY;09173;Bad Tölz-Wolfratshausen;93112;58996;169;58827;0;11572;4172;4547;25114;1208;2101;859;3353;636;2072;213;383;245;168;38;103;75;985;74;57;56;22;59;48;92;55;67;81;31;29;47;46;70;35;25;6;5;30;10;38
BY;09174;Dachau;105723;68828;166;68662;0;12866;5416;5770;27854;1143;2467;1196;4299;869;3078;300;465;364;221;66;106;114;911;90;94;91;39;115;66;104;67;57;77;29;48;49;26;54;47;22;9;23;27;21;2
BY;09175;Ebersberg;100417;68997;154;68843;0;15695;5907;4798;26850;1289;2839;1282;3281;788;2462;245;606;381;231;43;122;82;882;88;86;65;24;80;66;92;53;57;100;52;31;57;42;45;42;20;13;4;26;13;4
BY;09176;Eichstätt;98064;62387;167;62220;0;7698;4817;6022;30148;1008;1659;995;4075;614;2487;200;242;237;124;78;91;60;835;61;87;76;46;53;60;68;57;49;43;20;25;31;26;34;28;14;10;7;17;16;2
BY;09177;Erding;99996;63272;181;63091;0;11160;4116;5797;26174;1207;2017;1126;4589;760;2678;256;352;331;153;60;136;101;1030;70;108;84;34;85;63;100;53;72;87;33;27;36;41;41;32;21;9;10;23;12;7
BY;09178;Freising;121726;77503;193;77310;0;16738;5738;6414;28108;1748;2737;1887;5650;925;3002;271;663;516;292;94;143;102;792;127;78;92;143;91;64;213;73;74;112;61;42;49;48;37;51;28;17;15;40;20;15
BY;09179;Fürstenfeldbruck;155179;104528;239;104289;0;23606;9798;7694;39135;2102;4130;1990;5550;1261;3603;361;831;673;336;105;166;177;973;145;133;97;102;156;135;204;86;83;146;68;53;80;52;74;52;32;18;14;42;21;5
BY;09180;Garmisch-Partenkirchen;65722;41459;152;41307;0;6785;2514;3532;19278;658;1418;434;2498;424;1837;127;196;114;111;47;78;66;585;41;33;37;12;51;35;44;52;44;48;23;38;22;33;26;25;12;8;2;8;10;1
BY;09181;Landsberg am Lech;90787;60365;139;60226;0;14416;4363;4381;23196;1269;2118;1170;2650;720;2697;220;432;323;225;60;108;85;808;84;70;63;18;71;79;101;48;47;89;49;39;54;30;50;34;15;7;2;20;6;9
BY;09182;Miesbach;73516;47866;123;47743;0;8519;3435;3538;21486;751;1907;651;2790;556;1507;138;315;192;158;52;70;92;815;66;51;43;13;75;41;52;46;49;68;30;13;51;42;41;27;19;7;3;19;10;5
BY;09183;Mühldorf a.Inn;85802;48883;136;48747;0;6372;2846;5008;23591;846;1298;866;2871;563;1818;187;196;203;107;59;94;83;905;54;71;61;37;91;60;69;51;55;62;43;17;33;17;34;22;24;11;5;7;9;1
BY;09184;München;238218;168469;326;168143;0;39977;16817;11249;63227;3015;8666;3011;6397;1994;5591;483;1824;946;599;86;278;227;1224;197;192;148;154;191;124;331;110;132;253;88;72;99;78;86;88;37;27;22;64;30;9
BY;09185;Neuburg-Schrobenhausen;72036;39960;85;39875;0;4974;2427;3669;19694;639;962;629;3787;366;1000;120;129;183;56;63;52;45;471;50;37;45;27;66;27;63;31;37;37;17;12;34;19;33;16;16;6;4;12;17;3
BY;09186;Pfaffenhofen a.d.Ilm;93530;55817;139;55678;0;8225;4107;5752;24951;947;1790;898;3382;602;2154;203;283;330;122;73;85;99;805;73;86;73;38;61;41;79;49;46;54;33;23;43;26;31;30;19;5;12;21;23;4
BY;09187;Rosenheim;195791;123504;281;123223;0;22753;8768;10275;53763;2020;4078;1715;6261;1428;4917;402;638;528;355;123;211;242;2691;165;168;126;47;204;137;145;130;103;156;115;80;107;72;94;57;43;26;19;34;24;3
BY;09188;Starnberg;97203;69908;120;69788;0;18054;6009;4495;25959;1226;4038;1056;2685;759;2254;132;738;338;262;51;114;89;564;75;55;56;17;85;42;87;44;59;121;54;45;37;45;39;29;20;7;11;24;8;5
BY;09189;Traunstein;134120;79687;210;79477;0;14772;6081;6002;35971;1558;2035;1163;3988;943;2629;232;326;272;190;91;128;120;1717;83;100;80;18;99;135;85;88;62;105;57;42;61;57;67;40;24;9;7;23;13;4
BY;09190;Weilheim-Schongau;102661;65600;186;65414;0;11958;5273;4847;26812;1378;1992;1046;3868;737;3949;297;377;275;187;103;116;108;997;105;78;65;39;96;67;82;50;78;82;49;41;46;43;45;35;28;14;9;17;13;12
BY;09261;Landshut, Stadt;49256;28802;73;28729;0;5668;2158;2552;11819;733;1139;606;1224;394;973;86;174;166;113;38;45;44;267;34;28;34;32;52;30;39;17;25;31;20;30;38;27;27;13;8;13;11;9;7;5
BY;09262;Passau, Stadt;38257;22466;55;22411;0;4524;1932;1824;9307;614;806;494;402;255;997;58;396;106;79;19;26;25;201;19;22;19;6;32;26;38;16;14;35;19;27;15;9;15;8;7;2;0;9;4;4
BY;09263;Straubing, Stadt;34121;17101;68;17033;0;1981;1132;1993;8669;410;408;276;619;201;631;56;62;81;34;39;28;26;163;13;15;22;8;23;10;12;23;14;11;8;4;10;13;12;6;5;1;7;3;2;2
BY;09271;Deggendorf;91964;47103;109;46994;0;4657;2907;5359;25300;735;1062;547;2522;481;1212;145;128;188;77;72;78;75;789;35;42;53;26;62;22;38;51;44;85;20;20;18;25;33;17;31;7;3;6;18;4
BY;09272;Freyung-Grafenau;63757;31715;76;31639;0;2446;1842;3627;18113;448;571;245;1660;282;889;65;68;89;57;47;55;47;711;25;24;40;2;40;9;40;24;20;43;12;9;10;16;13;11;15;6;2;7;8;1
BY;09273;Kelheim;88551;53127;136;52991;0;5521;3150;4731;29891;814;1028;658;2382;570;1863;126;155;216;115;96;89;84;771;50;50;47;42;59;35;51;49;56;42;30;21;26;33;35;19;28;7;10;14;23;4
BY;09274;Landshut;118913;73247;176;73071;0;8644;3965;7140;37043;1086;1882;872;5926;864;2337;239;263;300;131;82;125;127;1038;64;76;87;27;75;75;80;62;66;64;38;28;47;36;72;34;28;9;6;12;18;3
BY;09275;Passau;150646;79632;185;79447;0;7714;5523;8401;43161;1285;1777;805;3573;896;2673;284;245;261;118;118;154;120;1235;70;101;93;17;104;69;71;82;58;121;38;30;51;52;41;22;27;5;4;10;37;1
BY;09276;Regen;62104;29571;74;29497;0;2303;1955;3936;16146;460;576;362;1286;286;819;73;62;114;35;34;66;46;511;21;27;35;2;39;25;33;30;26;46;20;12;15;23;16;5;10;2;2;3;33;2
BY;09277;Rottal-Inn;92148;50147;141;50006;0;5141;2752;4664;27909;755;1096;547;2547;550;1732;139;188;163;86;45;97;82;842;45;61;46;6;80;22;48;35;39;67;27;11;46;27;29;21;17;6;6;12;18;2
BY;09278;Straubing-Bogen;77829;45784;106;45678;0;3601;2028;4828;26820;559;810;454;2703;391;1710;126;111;155;54;108;56;54;589;39;58;57;6;42;16;49;40;31;22;18;14;17;22;14;26;14;9;3;6;14;4
BY;09279;Dingolfing-Landau;71333;38793;107;38686;0;3181;2330;4382;21311;556;910;433;2068;403;1427;120;123;182;38;61;67;48;588;38;33;42;14;36;30;28;23;24;34;19;14;23;16;29;10;14;1;3;9;14;4
BY;09361;Amberg, Stadt;32373;16912;68;16844;0;2690;2098;1842;6682;486;483;322;690;204;541;59;59;136;40;23;30;27;163;20;27;27;6;23;19;28;20;15;17;9;5;9;10;6;13;2;2;2;2;7;0
BY;09362;Regensburg, Stadt;106300;64366;120;64246;0;17573;5589;4576;20570;2306;2306;2237;2221;645;2593;141;585;516;609;38;90;64;389;53;68;63;60;78;56;177;42;70;87;62;94;50;41;58;29;14;35;10;31;16;4
BY;09363;Weiden i.d.OPf., Stadt;32545;17022;61;16961;0;2518;2214;1818;6899;505;579;289;709;182;393;67;53;107;52;19;46;29;174;13;18;27;19;29;9;28;29;22;15;14;11;13;9;14;10;5;4;4;5;10;0
BY;09371;Amberg-Sulzbach;81933;49404;168;49236;0;5825;5871;4705;21848;955;1135;803;3712;521;1578;185;153;281;70;92;100;103;593;45;76;64;9;76;53;35;50;53;31;26;18;35;38;21;22;16;10;7;8;12;1
BY;09372;Cham;102050;54266;125;54141;0;4491;2802;6546;28712;767;891;595;4918;487;1548;193;117;186;76;80;84;98;791;54;61;64;2;57;44;50;61;42;31;28;16;37;23;23;17;15;12;4;7;109;2
BY;09373;Neumarkt i.d.OPf.;101502;63990;144;63846;0;8850;3929;5406;32256;1272;1457;1043;4343;635;1947;249;192;324;111;112;95;103;596;51;59;86;34;81;65;69;57;59;57;71;22;32;29;31;22;25;16;4;17;37;2
BY;09374;Neustadt a.d.Waldnaab;75822;44479;147;44332;0;4386;5193;4367;21420;774;986;483;3323;429;1015;177;110;183;62;93;81;87;532;38;56;61;6;65;41;44;50;55;26;25;16;32;27;28;24;9;6;4;8;8;2
BY;09375;Regensburg;147691;92345;264;92081;0;12911;6510;8832;43058;1661;2114;1373;7844;920;2871;315;330;470;236;122;150;133;950;101;83;114;38;102;79;114;81;68;104;54;32;54;46;74;32;30;17;7;24;24;3
BY;09376;Schwandorf;114507;63717;184;63533;0;6093;6302;7421;30278;1236;1301;816;4462;681;1866;276;165;275;73;150;126;116;896;70;84;79;38;95;63;55;72;64;83;34;25;43;37;42;26;27;10;9;23;21;0
BY;09377;Tirschenreuth;58961;34674;109;34565;0;3206;3368;2914;18086;548;667;507;2839;349;639;117;71;126;33;75;76;78;394;41;39;46;9;45;49;30;37;23;21;23;7;21;21;22;6;11;2;4;6;7;2
BY;09461;Bamberg, Stadt;55702;33617;93;33524;0;9537;3234;2621;10162;1371;1191;1245;1028;337;998;96;436;221;183;44;44;47;136;34;42;39;14;43;40;75;20;40;14;33;44;20;22;25;16;9;9;24;13;15;2
BY;09462;Bayreuth, Stadt;57162;32379;74;32305;0;7628;3837;2426;10646;933;1715;1029;964;402;891;94;467;184;160;32;65;47;124;37;27;52;23;34;80;130;30;27;42;22;27;14;24;12;16;15;12;7;24;6;0
BY;09463;Coburg, Stadt;31595;17848;57;17791;0;4065;2509;1352;5934;582;682;628;457;208;543;69;109;87;50;45;30;33;63;30;30;25;16;29;25;30;20;21;12;14;13;16;14;11;9;2;3;13;7;4;1
BY;09464;Hof, Stadt;33055;16489;54;16435;0;2384;2348;1926;6226;485;592;454;635;202;259;58;64;152;34;26;44;32;86;22;33;22;41;30;111;26;17;22;10;12;8;14;10;12;7;9;5;3;9;5;0
BY;09471;Bamberg;116313;70364;177;70187;0;9497;5635;7933;31770;1290;2292;1265;4438;809;1574;390;294;407;111;211;141;115;655;92;133;138;13;104;79;78;93;82;62;51;40;53;60;45;45;37;14;29;22;85;5
BY;09472;Bayreuth;84304;50453;135;50318;0;6845;5612;4269;22991;910;1284;799;3810;589;982;269;175;195;80;83;110;115;304;56;76;75;15;88;73;62;67;57;39;36;31;39;25;34;42;24;11;8;8;29;1
BY;09473;Coburg;69832;40006;112;39894;0;5626;5802;3555;16526;836;1091;862;2431;490;1009;166;146;169;57;78;97;78;156;42;61;46;61;47;43;51;43;39;34;29;16;34;27;28;36;22;8;24;15;13;0
BY;09474;Forchheim;90648;57875;143;57732;0;9967;5207;4968;24369;1252;1818;1067;4426;644;1359;257;316;306;121;98;120;107;286;76;94;74;19;76;132;104;63;54;57;31;24;37;33;35;25;22;12;11;18;35;12
BY;09475;Hof;76879;43751;124;43627;0;4741;6540;4528;18790;860;1144;842;2976;583;605;181;113;201;55;87;99;98;207;62;59;74;28;100;246;45;48;32;39;40;12;35;31;28;19;17;11;8;13;28;2
BY;09476;Kronach;54955;31142;114;31028;0;3113;4644;2896;14769;603;680;423;1774;489;413;126;81;122;45;91;72;104;108;25;38;32;17;56;49;14;21;33;16;21;6;23;26;26;16;11;7;11;1;24;2
BY;09477;Kulmbach;58900;33827;105;33722;0;4787;4463;3218;14217;675;894;627;2309;426;732;119;88;131;70;77;67;74;168;43;41;51;15;58;76;27;37;36;26;27;17;23;18;28;15;10;2;3;10;17;0
BY;09478;Lichtenfels;53699;30999;108;30891;0;3859;3090;3062;14664;573;745;639;1835;414;673;152;92;127;38;89;62;54;192;35;72;45;21;55;49;32;38;25;21;17;6;27;16;24;7;12;3;4;8;14;0
BY;09479;Wunsiedel i.Fichtelgebirge;58033;31669;140;31529;0;3531;4869;3428;13167;690;789;589;1874;558;420;162;105;126;55;84;113;77;260;51;41;57;29;70;44;46;55;32;21;23;11;30;26;27;9;13;7;7;10;21;2
BY;09561;Ansbach, Stadt;30644;16542;68;16474;0;3383;1891;1683;5590;608;504;348;685;239;695;76;72;128;43;37;47;44;71;18;26;21;21;32;34;31;30;20;15;11;6;8;12;10;9;8;9;3;2;3;1
BY;09562;Erlangen, Stadt;77514;51535;113;51422;0;14870;6222;3041;14136;2151;2151;1953;1352;425;2116;157;667;586;286;54;58;47;139;56;61;53;56;47;86;204;40;50;59;42;61;29;30;33;17;17;6;27;25;11;1
BY;09563;Fürth, Stadt;86896;49124;172;48952;0;12144;6914;4348;13687;2406;1694;1655;1280;684;1112;210;422;387;217;71;105;99;236;72;59;63;64;94;199;144;61;53;58;49;57;42;47;39;25;21;34;38;34;24;4
BY;09564;Nürnberg, Stadt;342881;201242;590;200652;0;48464;25941;17661;60582;9649;6862;6874;4904;2598;5348;682;1887;1986;872;382;351;324;632;300;249;288;377;303;385;482;249;263;241;188;253;174;133;167;114;74;132;99;98;67;17
BY;09565;Schwabach, Stadt;30044;17944;75;17869;0;4037;2200;1508;6428;520;583;343;678;245;454;101;78;130;47;30;32;21;87;20;27;26;24;23;39;27;25;17;20;16;4;17;10;15;7;9;6;5;6;4;0
BY;09571;Ansbach;140434;83057;228;82829;0;13660;7498;6957;35857;2078;2248;1326;5538;962;2410;506;272;660;130;287;142;145;526;114;104;131;22;150;284;85;101;95;86;52;51;63;57;62;51;27;20;14;29;21;8
BY;09572;Erlangen-Höchstadt;103993;69148;183;68965;0;15265;7638;5296;25955;1660;2391;1431;3925;713;1671;284;402;461;174;117;113;98;325;84;92;70;40;78;85;123;47;62;77;37;34;31;41;30;40;27;5;6;12;24;1
BY;09573;Fürth;91862;59550;154;59396;0;12093;7306;5563;22181;1557;1780;1173;2989;811;1179;266;285;378;118;112;124;133;282;66;98;102;17;91;134;108;54;54;42;34;27;46;36;36;23;12;16;9;19;37;5
BY;09574;Nürnberger Land;130181;84954;220;84734;0;16989;9755;7088;32412;2238;2284;1666;5143;1058;2103;351;404;690;215;136;191;219;341;77;103;104;110;112;167;117;79;75;84;48;49;50;64;50;40;30;26;11;23;28;4
BY;09575;Neustadt a.d.Aisch-Bad Windsheim;77458;47420;165;47255;0;7645;4516;3787;20168;1178;1324;802;3580;566;1407;232;206;308;93;163;84;88;279;64;59;69;17;66;89;61;53;49;52;34;26;38;35;25;21;16;10;12;11;22;0
BY;09576;Roth;98021;61851;173;61678;0;11047;6261;5260;25935;1404;1664;1149;3854;785;1485;262;272;388;102;96;127;112;355;73;94;109;29;99;98;85;76;57;63;40;28;42;46;44;41;19;5;19;15;34;4
BY;09577;Weißenburg-Gunzenhausen;72142;42249;140;42109;0;6863;4226;3206;19042;928;960;630;2513;455;1356;181;147;345;61;85;66;71;275;35;50;53;15;59;108;35;51;31;29;36;14;41;28;36;17;15;9;8;10;18;1
BY;09661;Aschaffenburg, Stadt;50032;28272;146;28126;0;6548;3196;2517;9236;1029;1255;817;693;341;1059;123;191;171;102;57;45;54;87;41;47;45;27;45;15;58;37;34;28;22;43;28;24;30;12;13;13;25;15;3;0
BY;09662;Schweinfurt, Stadt;37301;18077;83;17994;0;3022;2512;2078;6393;861;606;484;583;201;348;65;86;117;45;21;43;19;109;26;22;19;52;29;31;29;27;20;22;15;17;15;17;10;5;7;3;20;3;9;3
BY;09663;Würzburg, Stadt;98961;62514;150;62364;0;19475;6512;3692;18068;2431;2834;2373;1390;712;1520;152;709;518;358;78;102;69;173;55;68;75;28;70;66;209;38;83;90;99;61;47;30;36;41;12;25;17;33;8;7
BY;09671;Aschaffenburg;133359;83199;393;82806;0;15407;9308;7486;32619;1907;3403;1708;3914;1119;2039;439;302;460;184;137;172;161;429;128;134;148;75;155;67;115;109;118;64;53;42;61;67;78;58;34;23;26;25;28;4
BY;09672;Bad Kissingen;83393;50100;177;49923;0;6868;4218;4524;24213;1262;1508;769;2722;638;1006;225;155;250;66;135;110;81;303;70;76;87;6;68;60;54;54;56;36;55;18;48;45;27;30;25;8;8;15;18;6
BY;09673;Rhön-Grabfeld;63683;37849;151;37698;0;5651;2999;2850;18684;920;1085;761;2198;357;547;216;121;175;49;80;55;53;220;46;62;61;9;67;59;41;43;51;34;38;21;29;25;20;18;10;9;5;7;19;3
BY;09674;Haßberge;68076;41409;141;41268;0;5294;4229;3867;18972;978;1139;691;2457;482;1226;235;126;215;54;160;75;65;320;41;77;60;3;54;51;39;49;52;20;29;16;25;39;27;15;21;12;9;10;32;2
BY;09675;Kitzingen;69339;42702;128;42574;0;6920;4202;3447;17793;956;1345;675;3599;551;981;210;181;218;75;110;94;56;393;51;63;73;16;67;74;62;45;39;27;33;29;38;32;27;29;15;7;6;12;18;5
BY;09676;Miltenberg;95625;57058;281;56777;0;9494;6387;4661;23471;1352;2011;1025;3477;794;1391;291;189;307;119;95;118;125;296;78;91;96;91;92;75;69;99;82;56;48;25;59;46;40;30;28;17;13;15;18;6
BY;09677;Main-Spessart;99845;63090;237;62853;0;10240;6997;4917;27794;1249;1679;1228;4068;972;1082;271;207;335;137;106;124;106;341;78;93;81;20;92;44;64;79;75;64;37;22;38;43;36;37;20;15;13;14;33;2
BY;09678;Schweinfurt;91257;57003;198;56805;0;8583;5417;5026;26229;1348;1728;986;3111;713;1094;316;207;259;73;121;122;106;389;75;81;91;15;82;77;61;74;65;53;33;25;38;40;48;24;31;4;15;11;28;6
BY;09679;Würzburg;127271;86646;259;86387;0;17730;9695;5991;35729;1841;3078;1677;3933;1079;1791;387;412;501;183;138;140;125;484;98;134;149;33;102;93;142;94;112;70;81;43;60;42;52;37;28;10;16;37;37;3
BY;09761;Augsburg, Stadt;190297;105747;363;105384;0;27011;10642;9421;32368;4085;3837;3608;3389;1465;3463;316;929;700;504;139;196;191;643;135;164;132;309;156;187;262;112;114;157;100;102;102;73;108;68;36;37;48;48;15;12
BY;09762;Kaufbeuren, Stadt;31409;16454;52;16402;0;3365;1422;1676;6257;553;508;301;797;194;466;51;80;134;48;21;31;33;140;23;17;20;21;28;29;29;19;13;22;20;13;11;14;11;11;6;4;3;5;4;2
BY;09763;Kempten (Allgäu), Stadt;48801;27480;110;27370;0;6009;2326;2545;9027;805;1158;550;2112;317;882;87;352;168;71;33;45;48;159;34;37;48;18;45;45;38;41;25;47;145;15;35;20;24;14;6;3;14;11;8;3
BY;09764;Memmingen, Stadt;29480;16907;95;16812;0;2925;1761;1683;6238;451;620;267;871;156;1035;56;77;74;20;70;26;24;120;18;28;26;18;13;52;23;31;17;16;15;5;12;21;9;10;6;0;4;4;10;0
BY;09771;Aichach-Friedberg;101054;63818;175;63643;0;10564;4575;6036;28672;980;1995;1038;3509;726;2555;228;275;267;111;92;115;105;832;62;72;77;28;72;103;74;66;49;71;36;39;49;30;35;26;32;8;13;14;10;2
BY;09772;Augsburg;188792;113784;345;113439;0;20165;8990;10529;47461;2080;3605;1897;7610;1446;4062;519;497;596;226;168;247;243;1080;126;180;144;112;164;152;142;127;114;149;75;53;77;85;106;57;41;19;19;42;21;13
BY;09773;Dillingen a.d.Donau;72685;39769;109;39660;0;5345;2859;4457;18242;602;1215;540;3221;415;811;203;117;173;57;143;69;73;436;46;60;51;19;72;61;44;49;47;34;23;11;20;30;30;26;30;2;8;9;9;1
BY;09774;Günzburg;90250;48920;139;48781;0;6919;3485;5322;22044;885;1528;861;3343;638;1300;207;138;249;65;164;106;85;477;60;73;67;64;86;60;61;72;64;62;51;25;59;40;36;24;21;10;5;8;16;1
BY;09775;Neu-Ulm;124023;69347;248;69099;0;13381;6630;6965;26523;1604;2957;1054;3635;867;1685;350;320;493;151;221;146;120;484;84;101;82;103;121;184;101;96;97;100;51;48;63;52;47;44;44;19;28;30;15;3
BY;09776;Lindau (Bodensee);60124;37133;120;37013;0;8863;3023;2454;13873;1025;1308;586;2760;418;1055;144;187;142;113;29;68;74;202;28;57;23;33;64;76;50;50;34;31;38;20;53;37;25;17;17;6;4;12;13;1
BY;09777;Ostallgäu;106144;65320;195;65125;0;11561;4198;4789;29243;1282;1817;947;5142;633;2251;231;253;296;104;68;120;113;946;75;85;63;16;110;127;65;79;65;63;80;29;62;38;75;35;26;7;2;15;11;3
BY;09778;Unterallgäu;108873;64090;174;63916;0;9316;3810;6401;28551;1100;2026;797;5071;613;3189;260;274;291;94;136;111;110;614;89;78;79;18;93;156;52;91;78;79;58;40;39;39;36;40;24;7;13;20;23;0
BY;09779;Donau-Ries;100343;59240;172;59068;0;8139;4771;4828;29819;980;1499;789;3613;594;1602;238;149;249;65;108;72;75;650;61;71;77;20;79;57;60;46;61;55;38;18;25;39;35;19;18;10;9;17;7;6
BY;09780;Oberallgäu;119411;76793;244;76549;0;14449;4637;5473;31496;1251;2291;863;9950;782;2003;265;339;261;133;77;136;123;616;98;80;79;26;114;107;79;76;64;87;277;41;71;49;55;39;24;11;6;10;11;0
SL;10041;Regionalverband Saarbrücken;243243;149551;2471;147080;41662;23503;33218;13599;0;9989;5780;4612;1593;2759;1122;1558;905;1192;462;611;554;471;71;361;223;226;255;245;61;246;216;254;135;167;148;136;190;116;62;83;69;93;58;47;28
SL;10042;Merzig-Wadern;79282;55222;1303;53919;19894;6290;12157;4792;0;2988;2087;1070;534;967;254;565;193;348;60;151;227;215;40;133;88;92;13;93;50;54;88;79;61;41;37;58;61;49;22;24;10;9;9;8;8
SL;10043;Neunkirchen;105049;68364;1516;66848;21543;7217;16980;7115;0;4235;2332;1546;491;1396;231;857;221;434;82;234;222;251;35;199;132;125;17;114;39;66;116;93;72;41;33;70;90;49;37;39;18;44;14;15;3
SL;10044;Saarlouis;153711;103631;2441;101190;34002;11971;23988;9825;0;6046;3627;2305;983;2265;391;1161;380;773;119;258;427;401;62;285;174;213;104;185;36;118;174;182;79;76;58;115;94;82;40;64;42;25;20;25;15
SL;10045;Saarpfalz-Kreis;113837;78970;1649;77321;24068;11073;16478;8556;0;4265;3105;1901;1031;1552;426;1478;351;437;152;199;271;307;67;201;131;138;33;144;75;80;133;124;75;72;31;73;82;47;28;52;17;18;30;16;4
SL;10046;St. Wendel;72330;53802;1396;52406;20728;5704;12362;4170;0;2262;1541;1161;751;889;225;653;165;299;56;134;168;178;28;126;85;83;8;72;19;49;68;85;43;38;21;54;58;30;9;31;7;12;12;13;9
BE;11000;Berlin, Stadt;2508435;1520678;13321;1507357;229352;419377;211717;149177;0;179943;71576;72846;8109;29702;8893;9743;17980;12422;18675;3183;4902;3326;1049;6617;6870;3709;4303;3130;1462;3410;2202;2632;1713;2837;4380;1939;1613;1385;1194;664;2439;1016;928;511;431
BE;11995;Berlin,West;1459675;894135;7745;886390;162024;266683;135830;73663;0;66417;48650;37582;4159;16842;5041;4322;10223;7044;11136;1070;2814;1803;727;3483;3695;1508;3980;1692;987;1765;1120;1333;998;1538;2679;1065;751;779;540;362;701;539;466;161;218
BE;11996;Berlin,Ost;1048760;626543;5576;620967;67328;152694;75887;75514;0;113526;22926;35264;3950;12860;3852;5421;7757;5378;7539;2113;2088;1523;322;3134;3175;2201;323;1438;475;1645;1082;1299;715;1299;1701;874;862;606;654;302;1738;477;462;350;213
BB;12051;Brandenburg an der Havel, Stadt;58801;28624;440;28184;5517;3886;5007;4909;0;3278;1031;745;907;540;114;427;144;161;74;125;127;75;26;91;112;126;14;90;28;55;67;85;26;57;24;45;48;36;20;31;64;22;12;30;8
BB;12052;Cottbus, Stadt;78559;45012;717;44295;7179;4327;7057;10911;0;5576;2180;1366;686;712;185;719;249;313;143;287;189;185;45;161;170;258;21;141;69;81;127;186;67;118;65;84;57;47;46;46;118;58;24;36;6
BB;12053;Frankfurt (Oder), Stadt;44982;22986;341;22645;3817;2535;3168;4698;0;4177;974;739;309;306;58;327;93;133;82;112;79;80;22;81;79;129;11;71;26;35;74;85;30;60;12;34;30;14;19;22;55;44;12;12;1
BB;12054;Potsdam, Stadt;135094;86270;719;85551;10733;19813;15230;9322;0;12502;3698;4229;674;1696;523;906;1131;580;681;179;302;232;54;237;243;237;32;226;87;180;140;227;113;181;255;115;111;89;88;55;218;87;58;65;22
BB;12060;Barnim;151574;88868;1434;87434;14420;10792;13267;17216;0;13074;3294;2512;3528;1674;379;1425;351;467;374;508;365;342;86;309;333;457;27;286;79;112;210;234;86;149;136;121;122;63;91;113;267;42;28;68;27
BB;12061;Dahme-Spreewald;136836;86332;1639;84693;15148;10181;14191;17545;0;9904;3731;1926;1775;1787;396;1747;372;482;313;696;486;362;141;324;392;414;65;317;79;150;261;222;123;152;73;136;122;77;85;111;208;79;49;48;23
BB;12062;Elbe-Elster;86352;51949;1212;50737;11455;3083;8034;12538;0;5230;2322;750;1282;909;149;1306;186;254;91;562;291;190;74;126;176;300;21;206;70;46;171;160;57;100;24;87;104;66;48;75;82;44;17;38;13
BB;12063;Havelland;131243;78129;1091;77038;15158;11786;13531;13798;0;7643;3629;1698;1519;1597;350;1334;359;422;210;600;482;253;103;247;313;282;50;280;73;122;166;167;83;112;59;89;121;59;57;65;70;66;31;39;15
BB;12064;Märkisch-Oderland;159898;95162;1653;93509;15116;10237;14538;19763;0;14383;4129;2318;1903;1922;423;1937;376;446;348;548;538;455;127;425;435;536;22;304;78;128;270;293;139;199;102;163;151;71;116;108;266;70;28;77;21
BB;12065;Oberhavel;172533;105536;1600;103936;19391;14385;18401;19441;0;11380;4722;2484;1995;2256;483;1799;506;696;322;882;613;412;97;345;452;375;44;371;183;148;254;246;115;185;92;133;137;78;81;99;142;51;40;78;22
BB;12066;Oberspreewald-Lausitz;92588;52558;1167;51391;9840;2951;8918;13596;0;5932;2194;912;1148;869;178;1132;160;262;97;609;229;209;86;159;179;318;19;203;51;68;190;178;45;101;31;83;90;27;58;93;54;59;15;28;20
BB;12067;Oder-Spree;148367;87721;1583;86138;13944;8455;14108;19212;0;11529;3847;2049;2316;1614;449;1889;367;582;316;954;511;331;112;339;397;443;38;337;83;116;275;292;102;178;72;140;119;49;74;98;182;93;47;54;25
BB;12068;Ostprignitz-Ruppin;82700;44207;793;43414;8866;4801;8897;7822;0;5508;1571;693;992;660;146;795;127;222;123;334;224;158;49;115;147;177;15;153;34;45;109;120;29;67;20;51;63;30;25;76;51;38;5;35;21
BB;12069;Potsdam-Mittelmark;172790;113815;1823;111992;21752;19140;20940;16468;0;11415;5755;2498;2207;2007;488;2058;636;705;460;611;537;374;161;293;369;458;60;343;99;159;305;266;132;179;93;124;153;95;106;85;203;71;46;97;44
BB;12070;Prignitz;64169;35814;661;35153;7441;2889;7459;6730;0;4101;1554;570;847;574;78;680;97;171;77;220;175;110;54;65;117;188;13;115;54;56;103;99;34;70;23;39;64;32;41;65;44;61;10;19;14
BB;12071;Spree-Neiße;96700;59372;1260;58112;10485;3683;9070;17945;0;5962;2800;930;976;911;150;1214;189;220;93;449;331;212;101;201;207;336;22;226;63;66;202;199;63;115;35;93;111;46;60;78;124;53;18;48;25
BB;12072;Teltow-Fläming;135562;81353;1476;79877;14179;9957;14256;15401;0;9093;3485;1975;1734;1927;327;1788;371;489;250;472;583;357;95;270;315;354;35;361;105;115;255;230;69;139;76;102;136;73;80;86;133;75;30;69;30
BB;12073;Uckermark;99858;54388;1039;53349;11082;4323;10187;11102;0;6983;1846;819;1110;792;141;1192;140;281;159;591;250;177;55;126;169;296;22;165;51;61;185;160;95;134;40;74;92;38;70;61;99;51;14;98;18
MV;13003;Rostock;168169;101031;1356;99675;17268;17632;16635;12351;0;16747;3581;4406;1044;1393;447;1457;608;820;397;562;294;290;64;329;315;373;34;254;158;238;287;275;109;128;132;158;184;103;102;81;195;122;44;35;23
MV;13004;Schwerin;75984;44832;530;44302;8650;6137;8221;6986;0;6606;1842;1051;726;556;166;533;218;372;114;234;145;122;26;151;111;178;36;98;74;70;102;136;36;89;50;77;72;37;41;35;123;47;17;10;7
MV;13071;Mecklenburgische Seenplatte;215869;119010;2513;116497;30486;9622;16235;22803;0;18042;4446;1851;1793;1436;305;1960;319;492;220;1208;455;372;60;315;249;637;40;306;164;138;438;441;216;167;91;174;216;91;118;140;166;133;44;64;44
MV;13072;Landkreis Rostock;175793;107583;2118;105465;27814;10752;16762;18147;0;13537;4239;1664;1760;1383;380;1859;346;499;212;1133;447;362;62;363;253;552;48;312;397;115;338;362;113;155;73;159;199;91;86;131;149;89;24;70;28
MV;13073;Vorpommern-Rügen;185938;103257;2437;100820;29362;9459;11764;19721;0;13477;3867;1774;1229;1550;249;1836;349;579;218;870;457;382;51;269;230;579;37;310;141;110;354;352;90;158;53;133;158;82;90;102;201;70;37;41;29
MV;13074;Nordwestmecklenburg;127880;77174;1722;75452;17240;9175;14920;11945;0;9755;2819;1286;841;967;255;1358;269;467;162;835;313;246;57;246;181;348;23;197;71;117;228;226;54;95;77;107;136;54;61;91;110;53;23;26;18
MV;13075;Vorpommern-Greifswald;193787;111752;2550;109202;28181;9952;13228;23749;0;13211;4247;2146;1417;2207;375;1871;433;471;261;2341;469;409;70;323;239;688;43;285;175;186;379;376;136;211;94;142;210;77;104;143;169;69;33;59;23
MV;13076;Ludwigslust-Parchim;172741;104441;2239;102202;25893;8556;19532;17503;0;13577;4194;1309;1387;1348;262;1921;307;487;135;1338;443;412;65;331;236;513;27;271;180;105;318;379;84;117;74;131;186;83;90;117;131;76;30;31;23
SN;14511;Chemnitz, Stadt;193089;120497;1542;118955;23868;13317;12314;27980;0;16515;6133;4598;1793;1797;824;1540;746;744;433;633;341;409;79;386;349;427;46;383;562;326;287;280;145;232;104;196;175;117;170;186;161;101;66;157;35
SN;14521;Erzgebirgskreis;283006;182031;4611;177420;48621;9430;13628;49827;0;18887;7938;2794;7598;2468;919;2734;545;754;237;2304;652;738;221;435;410;747;44;583;1499;229;440;450;152;243;102;268;269;173;197;273;163;89;46;270;43
SN;14522;Mittelsachsen;251968;161854;3457;158397;42234;9898;12493;45066;0;16819;7384;2979;6351;2204;888;2245;575;737;291;1472;578;580;160;407;417;694;58;472;472;241;376;398;116;279;95;210;268;106;146;171;144;89;58;203;23
SN;14523;Vogtlandkreis;189613;115940;2524;113416;29904;8194;11234;27082;0;13797;5502;2063;2898;2189;820;1663;390;513;198;706;493;473;153;302;288;471;29;376;803;132;285;275;105;190;91;193;205;101;122;135;102;87;40;788;24
SN;14524;Zwickau;264125;159475;3549;155926;40838;11191;14183;37609;0;18838;7799;3397;5756;3013;867;2088;576;626;250;1395;681;650;194;426;366;604;39;524;820;184;356;368;158;217;125;250;240;128;209;271;160;140;46;319;25
SN;14612;Dresden, Stadt;428979;294298;2881;291417;54477;51485;24539;57588;0;36287;14684;13837;6733;3649;3397;2595;4243;3221;1819;1375;618;724;197;801;709;877;88;673;636;889;518;499;391;604;689;396;372;279;368;266;270;214;181;156;73
SN;14625;Bautzen;249292;162461;4072;158389;39296;8986;10874;50797;0;16218;7834;2728;5270;2176;1080;2829;515;738;330;1217;484;598;227;478;423;792;65;513;408;204;541;529;184;285;92;281;322;118;257;260;147;88;54;118;33
SN;14626;Görlitz;209406;132908;3264;129644;32282;8215;8510;41988;0;13039;4837;2464;3637;2051;700;2484;421;610;284;1186;575;556;182;442;450;730;51;501;490;182;480;382;166;288;101;270;247;109;164;196;124;74;33;114;29
SN;14627;Meißen;199321;128305;2606;125699;29621;9993;9015;39018;0;12327;6338;2347;3620;1866;1142;1932;561;667;272;1308;448;432;149;444;337;564;60;409;271;166;339;355;133;250;112;210;208;86;170;196;102;85;42;85;19
SN;14628;Sächsische Schweiz-Osterzgebirge;201720;135002;2860;132142;30801;9292;8342;43478;0;12255;6168;2213;5417;1893;868;1932;602;626;301;1726;451;516;196;402;407;637;47;448;263;178;395;383;148;242;101;248;250;114;169;245;129;84;45;111;19
SN;14713;Leipzig, Stadt;454329;279855;3360;276495;44611;55819;29478;42954;0;41364;11631;15648;4160;4423;2148;2667;3032;2207;2348;846;833;904;174;960;920;834;107;750;480;860;553;641;292;767;1227;458;399;266;452;250;309;300;185;154;84
SN;14729;Leipzig;213888;132163;2783;129380;34424;10310;12920;32594;0;13918;5959;2345;3880;1999;574;2067;558;596;289;975;547;565;108;440;406;586;48;417;220;151;340;356;103;207;111;204;204;98;185;267;127;86;52;113;31
SN;14730;Nordsachsen;162384;94871;2339;92532;23753;6277;9426;24687;0;10024;4358;1535;3260;1288;340;1497;263;445;148;1068;397;412;77;290;276;466;31;281;91;116;254;253;79;127;64;127;144;54;108;164;92;65;40;126;29
ST;15001;Dessau-Roßlau, Stadt;66949;36512;798;35714;8288;3754;4400;7303;0;4937;1789;637;492;637;117;589;163;162;70;240;189;185;55;120;165;262;24;195;30;67;131;129;50;86;39;64;57;24;41;63;44;40;26;31;19
ST;15002;Halle (Saale), Stadt;185329;106938;1561;105377;18783;17907;11965;16930;0;16456;5462;4718;1452;1688;604;1214;931;616;767;324;416;375;141;426;399;506;60;408;159;332;258;249;197;254;330;150;93;85;141;105;160;155;78;50;33
ST;15003;Magdeburg, Landeshauptstadt;188108;102815;1615;101200;19188;14670;14518;16283;0;15170;4633;4146;871;2051;409;1329;882;646;508;402;482;357;67;294;306;530;48;923;103;277;299;252;222;242;128;141;113;71;119;108;112;146;56;60;38
ST;15081;Altmarkkreis Salzwedel;69354;38977;889;38088;9374;3339;5410;6538;0;6263;1691;703;488;513;137;772;154;180;91;199;178;153;55;114;121;280;26;243;45;42;152;143;65;73;60;87;75;42;50;73;44;44;29;26;16
ST;15082;Anhalt-Bitterfeld;135013;71757;1860;69897;17382;4537;8225;15786;0;9949;3256;1158;1678;1280;158;1313;212;268;135;461;442;468;69;206;209;557;38;451;79;88;197;223;81;141;48;106;103;57;101;123;99;98;38;52;25
ST;15083;Börde;142547;76206;1665;74541;19072;5605;10302;15221;0;9456;3565;1428;1188;1288;251;1548;288;303;157;469;473;415;118;223;222;464;38;506;83;105;299;292;83;154;74;117;123;66;97;165;95;77;30;45;36
ST;15084;Burgenlandkreis;148580;82394;2136;80258;18973;4930;8803;19749;0;10738;3975;1379;1499;1291;264;1642;280;353;153;1023;473;491;159;284;238;702;57;466;109;93;316;288;134;168;81;166;149;67;183;223;99;98;45;76;41
ST;15085;Harz;182756;97792;2355;95437;25440;8723;12593;17111;0;13851;4079;1849;1308;1754;339;1669;341;416;217;546;555;489;148;280;262;636;52;550;112;130;302;296;140;166;101;164;134;75;123;160;99;92;35;59;41
ST;15086;Jerichower Land;75723;41481;1135;40346;10153;3282;5602;7831;0;5802;1951;649;663;692;90;737;149;152;110;207;243;204;55;126;135;264;26;290;40;46;130;147;54;88;43;63;50;18;38;81;41;30;17;30;17
ST;15087;Mansfeld-Südharz;115994;62291;1754;60537;13623;3195;7345;15312;0;9239;3076;970;905;1019;154;1139;194;206;94;458;455;327;117;212;169;482;38;311;50;56;177;228;86;133;50;93;77;52;107;135;88;80;17;42;26
ST;15088;Saalekreis;154540;88259;2306;85953;20518;5886;9383;20915;0;11362;5243;1480;1342;1424;215;1654;291;362;203;550;527;481;137;307;285;630;55;512;79;131;318;299;113;148;71;116;143;84;133;159;155;102;34;76;30
ST;15089;Salzlandkreis;161192;80658;2206;78452;19223;5326;9814;16992;0;11589;4147;1275;932;1535;154;1429;311;275;176;523;523;525;120;266;234;536;45;628;124;122;257;260;81;155;48;111;117;50;82;157;89;81;40;56;44
ST;15090;Stendal;93514;50842;1044;49798;11632;4103;6939;9638;0;7543;2430;904;785;802;143;1065;203;192;125;266;266;253;65;180;163;388;38;267;107;62;223;160;74;137;54;80;87;46;60;92;66;57;39;29;35
ST;15091;Wittenberg;106738;61436;1520;59916;14789;4088;7144;13075;0;7727;2445;1089;3273;912;134;911;228;264;103;551;287;326;104;154;172;411;28;297;83;56;167;178;82;141;46;78;86;49;88;94;72;67;24;60;33
TH;16051;Erfurt, Stadt;165659;100627;1454;99173;19565;14638;12137;16672;0;15662;4678;4014;1785;1435;640;1051;627;983;392;312;289;234;66;266;276;262;42;239;275;173;232;222;139;265;136;154;125;71;316;79;119;241;58;287;16
TH;16052;Gera, Stadt;76771;43578;702;42876;7806;3048;3961;12698;0;7421;1855;1361;668;556;174;557;148;199;93;328;144;116;47;143;137;189;17;127;44;48;115;128;40;91;28;81;66;26;109;59;65;72;32;65;14
TH;16053;Jena, Stadt;82364;53518;575;52943;8324;10779;6368;6738;0;8292;3444;2846;633;636;425;419;647;494;408;123;90;97;56;121;132;226;25;113;76;196;94;98;77;127;251;73;48;62;96;33;58;125;46;32;15
TH;16054;Suhl, Stadt;30717;17351;292;17059;4240;1425;1942;3146;0;3333;553;301;533;215;89;199;49;78;35;95;60;41;30;59;42;72;9;48;27;26;47;27;29;51;20;26;14;22;45;38;39;33;4;10;7
TH;16055;Weimar, Stadt;49921;31460;403;31057;6223;6027;3556;4350;0;4675;1278;1261;328;455;183;331;242;297;252;197;66;91;32;77;72;107;7;81;79;70;59;82;33;103;62;53;42;31;64;33;40;66;21;26;5
TH;16061;Eichsfeld;85378;56490;997;55493;23347;4048;4508;10352;0;3954;2345;689;1670;522;465;892;154;212;60;687;95;94;62;117;117;188;12;127;61;54;112;98;40;72;16;45;64;36;55;37;23;37;15;5;6
TH;16062;Nordhausen;69807;41083;793;40290;9332;3015;5373;8992;0;6489;1799;745;509;619;151;614;139;160;65;414;145;135;32;110;119;173;11;138;66;33;126;116;28;193;22;58;56;22;67;41;41;106;2;24;10
TH;16063;Wartburgkreis;131727;81412;1659;79753;20732;5958;8991;17739;0;10646;3146;1443;2563;1084;298;1114;255;361;127;1921;220;241;96;191;208;298;22;257;104;100;201;208;50;233;52;141;82;63;163;108;73;192;24;29;19
TH;16064;Unstrut-Hainich-Kreis;80117;47147;1014;46133;11772;3213;5662;10810;0;5919;2087;745;1680;631;159;776;143;205;66;315;135;145;60;125;119;184;14;176;45;37;122;115;31;110;16;73;64;44;98;51;47;84;12;25;18
TH;16065;Kyffhäuserkreis;63063;37495;1049;36446;8740;1707;4903;8471;0;5896;1340;503;919;556;120;547;98;172;42;751;147;151;45;85;104;142;18;137;29;49;110;90;34;84;23;64;67;28;87;54;45;60;4;15;9
TH;16066;Schmalkalden-Meiningen;104437;63883;1456;62427;16264;4357;8279;13895;0;8222;2463;1064;1787;885;245;984;178;333;122;498;193;185;102;149;170;225;21;206;157;74;177;172;70;109;50;111;82;54;177;127;72;109;18;29;12
TH;16067;Gotha;107910;64599;1409;63190;15260;4762;8949;14385;0;7840;2462;1378;1721;890;255;928;229;437;105;644;229;251;73;166;188;239;24;183;91;77;169;188;74;130;48;112;93;54;155;107;47;108;28;91;20
TH;16068;Sömmerda;57450;35151;828;34323;9493;2087;3093;8493;0;4687;1501;631;759;531;110;599;102;174;44;443;114;137;39;89;108;120;22;120;24;40;104;89;26;85;15;54;64;26;88;59;34;61;15;36;7
TH;16069;Hildburghausen;52476;33914;719;33195;8528;1855;3325;8030;0;4660;1080;590;1673;445;243;554;105;164;40;303;105;110;76;68;101;117;10;123;46;26;113;113;36;48;24;64;43;43;89;76;60;56;16;27;10
TH;16070;Ilm-Kreis;85619;54305;1113;53192;12000;4465;5426;13419;0;7262;2229;1519;1399;795;235;781;218;352;117;376;163;201;53;164;160;170;19;177;77;91;162;156;70;151;31;100;78;56;180;87;44;120;29;54;6
TH;16071;Weimarer Land;66547;43772;919;42853;11837;3236;3720;10449;0;4960;1959;828;1370;640;144;690;147;223;77;521;142;162;54;148;164;144;16;128;54;81;129;121;64;100;42;55;64;36;90;69;37;73;16;57;6
TH;16072;Sonneberg;48378;27807;524;27283;7146;1696;2596;7206;0;4045;889;583;407;389;234;316;72;110;41;267;124;110;70;65;94;73;8;75;42;33;54;71;19;46;16;34;51;30;52;42;36;97;3;30;11
TH;16073;Saalfeld-Rudolstadt;88342;53882;1034;52848;12180;3328;5596;14592;0;6817;2422;1176;1355;780;217;818;162;273;91;485;188;171;55;156;178;181;29;171;62;49;193;159;68;101;34;112;99;53;127;89;58;132;15;67;9
TH;16074;Saale-Holzland-Kreis;68278;45101;1003;44098;11366;3183;3966;10210;0;6282;2310;877;1013;798;211;796;179;225;94;326;153;134;86;116;135;185;33;137;62;67;170;134;56;119;44;114;70;28;108;87;48;89;17;59;11
TH;16075;Saale-Orla-Kreis;67029;42514;884;41630;10429;2253;3791;11264;0;5713;1946;718;1136;605;216;825;145;185;66;297;161;139;75;126;134;162;13;99;92;37;122;136;45;84;29;78;68;52;99;79;58;76;19;53;5
TH;16076;Greiz;82940;53197;1139;52058;14559;3031;4859;13297;0;6427;2288;934;999;866;195;978;171;244;96;375;216;193;111;158;164;254;26;175;120;48;152;166;80;146;36;104;104;46;126;88;48;80;24;64;10
TH;16077;Altenburger Land;75936;42954;1053;41901;10674;2298;4582;11371;0;5664;1641;703;587;678;135;751;120;185;57;325;160;175;51;140;138;153;17;129;92;44;133;149;58;73;34;69;68;36;85;112;51;67;12;68;16
